=== cell easy_easy ===
/mnt/data/actions-runner-swimirl/_work/Swim-IRL/Swim-IRL/.venv/lib/python3.12/site-packages/pygame/pkgdata.py:25: UserWarning: pkg_resources is deprecated as an API. See https://setuptools.pypa.io/en/latest/pkg_resources.html. The pkg_resources package is slated for removal as early as 2025-11-30. Refrain from using this package or pin to Setuptools<81.
  from pkg_resources import resource_stream, resource_exists
Wrapping the env with a `Monitor` wrapper
Wrapping the env in a DummyVecEnv.
episode:  1  ,seed:  8796
episode:  2  ,seed:  4635
episode:  3  ,seed:  8588
episode:  4  ,seed:  9770
episode:  5  ,seed:  8378
episode:  6  ,seed:  5914
episode:  7  ,seed:  6769
episode:  8  ,seed:  249
episode:  9  ,seed:  3076
episode:  10  ,seed:  419
episode:  11  ,seed:  3872
episode:  12  ,seed:  6525
episode:  13  ,seed:  3405
episode:  14  ,seed:  5697
episode:  15  ,seed:  5337
episode:  16  ,seed:  2537
episode:  17  ,seed:  9023
episode:  18  ,seed:  4665
episode:  19  ,seed:  6880
episode:  20  ,seed:  4409
episode:  21  ,seed:  534
episode:  22  ,seed:  2966
episode:  23  ,seed:  6039
episode:  24  ,seed:  9037
episode:  25  ,seed:  4560
episode:  26  ,seed:  2903
episode:  27  ,seed:  3840
episode:  28  ,seed:  1079
episode:  29  ,seed:  4870
episode:  30  ,seed:  8392
episode:  31  ,seed:  7364
episode:  32  ,seed:  9898
episode:  33  ,seed:  9260
episode:  34  ,seed:  4048
episode:  35  ,seed:  1573
episode:  36  ,seed:  4296
episode:  37  ,seed:  5709
episode:  38  ,seed:  6465
episode:  39  ,seed:  1517
episode:  40  ,seed:  2314
episode:  41  ,seed:  7781
episode:  42  ,seed:  3779
episode:  43  ,seed:  2965
episode:  44  ,seed:  2821
episode:  45  ,seed:  1378
episode:  46  ,seed:  4942
episode:  47  ,seed:  235
episode:  48  ,seed:  7827
episode:  49  ,seed:  111
episode:  50  ,seed:  1357
episode:  51  ,seed:  581
episode:  52  ,seed:  2489
episode:  53  ,seed:  6340
episode:  54  ,seed:  5793
episode:  55  ,seed:  5814
episode:  56  ,seed:  6857
episode:  57  ,seed:  8121
episode:  58  ,seed:  8264
episode:  59  ,seed:  2921
episode:  60  ,seed:  217
episode:  61  ,seed:  5392
episode:  62  ,seed:  2009
episode:  63  ,seed:  2589
episode:  64  ,seed:  4811
episode:  65  ,seed:  6874
episode:  66  ,seed:  5520
episode:  67  ,seed:  7548
episode:  68  ,seed:  8006
episode:  69  ,seed:  5307
episode:  70  ,seed:  1631
episode:  71  ,seed:  4893
episode:  72  ,seed:  1507
episode:  73  ,seed:  8496
episode:  74  ,seed:  1751
episode:  75  ,seed:  855
episode:  76  ,seed:  9347
episode:  77  ,seed:  7009
episode:  78  ,seed:  3817
episode:  79  ,seed:  7092
episode:  80  ,seed:  6807
episode:  81  ,seed:  4996
episode:  82  ,seed:  5342
episode:  83  ,seed:  2998
episode:  84  ,seed:  7051
episode:  85  ,seed:  1328
episode:  86  ,seed:  3805
episode:  87  ,seed:  7974
episode:  88  ,seed:  9737
episode:  89  ,seed:  3102
episode:  90  ,seed:  6747
episode:  91  ,seed:  6652
episode:  92  ,seed:  9906
episode:  93  ,seed:  2946
episode:  94  ,seed:  7589
episode:  95  ,seed:  661
episode:  96  ,seed:  6711
episode:  97  ,seed:  9109
episode:  98  ,seed:  7873
episode:  99  ,seed:  1608
episode:  100  ,seed:  4848
episode:  101  ,seed:  5687
episode:  102  ,seed:  9457
episode:  103  ,seed:  9215
episode:  104  ,seed:  1580
episode:  105  ,seed:  4165
episode:  106  ,seed:  2140
episode:  107  ,seed:  8327
episode:  108  ,seed:  5053
episode:  109  ,seed:  5105
episode:  110  ,seed:  4600
episode:  111  ,seed:  6810
episode:  112  ,seed:  8000
episode:  113  ,seed:  4703
episode:  114  ,seed:  986
episode:  115  ,seed:  5690
episode:  116  ,seed:  1208
episode:  117  ,seed:  1103
episode:  118  ,seed:  7956
episode:  119  ,seed:  5214
episode:  120  ,seed:  4662
episode:  121  ,seed:  4713
episode:  122  ,seed:  7244
episode:  123  ,seed:  6474
episode:  124  ,seed:  5063
episode:  125  ,seed:  7177
episode:  126  ,seed:  7087
episode:  127  ,seed:  2010
episode:  128  ,seed:  5625
episode:  129  ,seed:  5222
episode:  130  ,seed:  4271
episode:  131  ,seed:  75
episode:  132  ,seed:  1016
episode:  133  ,seed:  8872
episode:  134  ,seed:  2895
episode:  135  ,seed:  6622
episode:  136  ,seed:  3496
episode:  137  ,seed:  1326
episode:  138  ,seed:  8043
episode:  139  ,seed:  8240
episode:  140  ,seed:  2590
episode:  141  ,seed:  2170
episode:  142  ,seed:  4701
episode:  143  ,seed:  9497
episode:  144  ,seed:  5177
episode:  145  ,seed:  3929
episode:  146  ,seed:  256
episode:  147  ,seed:  1210
episode:  148  ,seed:  211
episode:  149  ,seed:  811
episode:  150  ,seed:  7528
episode:  151  ,seed:  3047
episode:  152  ,seed:  2841
episode:  153  ,seed:  5208
[checkpoint] resuming from iteration 600/1000
/mnt/data/actions-runner-swimirl/_work/Swim-IRL/Swim-IRL/.venv/lib/python3.12/site-packages/pygame/pkgdata.py:25: UserWarning: pkg_resources is deprecated as an API. See https://setuptools.pypa.io/en/latest/pkg_resources.html. The pkg_resources package is slated for removal as early as 2025-11-30. Refrain from using this package or pin to Setuptools<81.
  from pkg_resources import resource_stream, resource_exists
/mnt/data/actions-runner-swimirl/_work/Swim-IRL/Swim-IRL/.venv/lib/python3.12/site-packages/pygame/pkgdata.py:25: UserWarning: pkg_resources is deprecated as an API. See https://setuptools.pypa.io/en/latest/pkg_resources.html. The pkg_resources package is slated for removal as early as 2025-11-30. Refrain from using this package or pin to Setuptools<81.
  from pkg_resources import resource_stream, resource_exists
episode:  1  ,seed:  9444
episode:  2  ,seed:  4560
episode:  3  ,seed:  9530
episode:  4  ,seed:  9021
episode:  5  ,seed:  4937
episode:  6  ,seed:  3840
episode:  7  ,seed:  4425
episode:  8  ,seed:  3262
episode:  9  ,seed:  3259
episode:  10  ,seed:  8511
episode:  11  ,seed:  3962
episode:  12  ,seed:  682
episode:  13  ,seed:  6747
episode:  14  ,seed:  9457
episode:  15  ,seed:  4531
episode:  16  ,seed:  6652
episode:  17  ,seed:  6382
episode:  18  ,seed:  8240
episode:  19  ,seed:  2314
episode:  20  ,seed:  9512
Logging to logs/tensorboard/phase0b_gcl/easy_easy_0
----------------------------------
| rollout/           |           |
|    ep_len_mean     | 321       |
|    ep_rew_mean     | -397      |
|    success_rate    | 0.01      |
| time/              |           |
|    fps             | 672       |
|    iterations      | 1         |
|    time_elapsed    | 29        |
|    total_timesteps | 108020000 |
----------------------------------
-----------------------------------------
| rollout/                |             |
|    ep_len_mean          | 320         |
|    ep_rew_mean          | -389        |
|    success_rate         | 0.01        |
| time/                   |             |
|    fps                  | 599         |
|    iterations           | 2           |
|    time_elapsed         | 66          |
|    total_timesteps      | 108040000   |
| train/                  |             |
|    approx_kl            | 0.019962402 |
|    clip_fraction        | 0.181       |
|    clip_range           | 0.2         |
|    entropy_loss         | 1.67        |
|    explained_variance   | 0.946       |
|    learning_rate        | 0.0003      |
|    loss                 | 4.55        |
|    n_updates            | 54010       |
|    policy_gradient_loss | 0.00641     |
|    std                  | 0.105       |
|    value_loss           | 3.69        |
-----------------------------------------
-----------------------------------------
| rollout/                |             |
|    ep_len_mean          | 265         |
|    ep_rew_mean          | -322        |
|    success_rate         | 0           |
| time/                   |             |
|    fps                  | 572         |
|    iterations           | 3           |
|    time_elapsed         | 104         |
|    total_timesteps      | 108060000   |
| train/                  |             |
|    approx_kl            | 0.020123001 |
|    clip_fraction        | 0.186       |
|    clip_range           | 0.2         |
|    entropy_loss         | 1.66        |
|    explained_variance   | 0.95        |
|    learning_rate        | 0.0003      |
|    loss                 | 0.644       |
|    n_updates            | 54020       |
|    policy_gradient_loss | 0.00631     |
|    std                  | 0.106       |
|    value_loss           | 3.63        |
-----------------------------------------
----------------------------------------
| rollout/                |            |
|    ep_len_mean          | 268        |
|    ep_rew_mean          | -324       |
|    success_rate         | 0          |
| time/                   |            |
|    fps                  | 557        |
|    iterations           | 4          |
|    time_elapsed         | 143        |
|    total_timesteps      | 108080000  |
| train/                  |            |
|    approx_kl            | 0.36155233 |
|    clip_fraction        | 0.228      |
|    clip_range           | 0.2        |
|    entropy_loss         | 1.66       |
|    explained_variance   | 0.967      |
|    learning_rate        | 0.0003     |
|    loss                 | 1.24       |
|    n_updates            | 54030      |
|    policy_gradient_loss | -0.00178   |
|    std                  | 0.105      |
|    value_loss           | 2.96       |
----------------------------------------
-----------------------------------------
| rollout/                |             |
|    ep_len_mean          | 250         |
|    ep_rew_mean          | -310        |
|    success_rate         | 0           |
| time/                   |             |
|    fps                  | 458         |
|    iterations           | 5           |
|    time_elapsed         | 218         |
|    total_timesteps      | 108100000   |
| train/                  |             |
|    approx_kl            | 0.024946677 |
|    clip_fraction        | 0.209       |
|    clip_range           | 0.2         |
|    entropy_loss         | 1.65        |
|    explained_variance   | 0.975       |
|    learning_rate        | 0.0003      |
|    loss                 | 0.459       |
|    n_updates            | 54040       |
|    policy_gradient_loss | 0.00805     |
|    std                  | 0.106       |
|    value_loss           | 4.54        |
-----------------------------------------
-----------------------------------------
| rollout/                |             |
|    ep_len_mean          | 270         |
|    ep_rew_mean          | -335        |
|    success_rate         | 0.01        |
| time/                   |             |
|    fps                  | 467         |
|    iterations           | 6           |
|    time_elapsed         | 256         |
|    total_timesteps      | 108120000   |
| train/                  |             |
|    approx_kl            | 0.022400737 |
|    clip_fraction        | 0.205       |
|    clip_range           | 0.2         |
|    entropy_loss         | 1.65        |
|    explained_variance   | 0.968       |
|    learning_rate        | 0.0003      |
|    loss                 | 2.17        |
|    n_updates            | 54050       |
|    policy_gradient_loss | 0.00642     |
|    std                  | 0.106       |
|    value_loss           | 4.02        |
-----------------------------------------
-----------------------------------------
| rollout/                |             |
|    ep_len_mean          | 285         |
|    ep_rew_mean          | -347        |
|    success_rate         | 0.01        |
| time/                   |             |
|    fps                  | 473         |
|    iterations           | 7           |
|    time_elapsed         | 295         |
|    total_timesteps      | 108140000   |
| train/                  |             |
|    approx_kl            | 0.024069196 |
|    clip_fraction        | 0.204       |
|    clip_range           | 0.2         |
|    entropy_loss         | 1.64        |
|    explained_variance   | 0.97        |
|    learning_rate        | 0.0003      |
|    loss                 | 0.831       |
|    n_updates            | 54060       |
|    policy_gradient_loss | 0.00619     |
|    std                  | 0.106       |
|    value_loss           | 5.43        |
-----------------------------------------
----------------------------------------
| rollout/                |            |
|    ep_len_mean          | 255        |
|    ep_rew_mean          | -319       |
|    success_rate         | 0.01       |
| time/                   |            |
|    fps                  | 477        |
|    iterations           | 8          |
|    time_elapsed         | 334        |
|    total_timesteps      | 108160000  |
| train/                  |            |
|    approx_kl            | 0.02425292 |
|    clip_fraction        | 0.199      |
|    clip_range           | 0.2        |
|    entropy_loss         | 1.65       |
|    explained_variance   | 0.966      |
|    learning_rate        | 0.0003     |
|    loss                 | 1.75       |
|    n_updates            | 54070      |
|    policy_gradient_loss | 0.00466    |
|    std                  | 0.105      |
|    value_loss           | 6.49       |
----------------------------------------
episode:  1  ,seed:  6876
episode:  2  ,seed:  6827
episode:  3  ,seed:  4560
episode:  4  ,seed:  1208
episode:  5  ,seed:  3015
episode:  6  ,seed:  1891
episode:  7  ,seed:  855
episode:  8  ,seed:  8121
episode:  9  ,seed:  7562
episode:  10  ,seed:  3805
episode:  11  ,seed:  4942
episode:  12  ,seed:  9157
episode:  13  ,seed:  3180
episode:  14  ,seed:  5136
episode:  15  ,seed:  2745
episode:  16  ,seed:  2745
episode:  17  ,seed:  6876
episode:  18  ,seed:  4409
episode:  19  ,seed:  2832
episode:  20  ,seed:  7177
episode:  21  ,seed:  2897
episode:  22  ,seed:  5581
episode:  23  ,seed:  849
episode:  24  ,seed:  792
episode:  25  ,seed:  2165
episode:  26  ,seed:  7009
episode:  27  ,seed:  5034
episode:  28  ,seed:  7595
episode:  29  ,seed:  828
episode:  30  ,seed:  8933
episode:  31  ,seed:  6408
episode:  32  ,seed:  8872
episode:  33  ,seed:  7974
episode:  34  ,seed:  2732
episode:  35  ,seed:  6351
episode:  36  ,seed:  3868
episode:  37  ,seed:  3872
episode:  38  ,seed:  8253
episode:  39  ,seed:  5474
episode:  40  ,seed:  5806
episode:  41  ,seed:  6465
episode:  42  ,seed:  1210
episode:  43  ,seed:  6351
episode:  44  ,seed:  111
episode:  45  ,seed:  256
episode:  46  ,seed:  9734
episode:  47  ,seed:  9927
episode:  48  ,seed:  1774
episode:  49  ,seed:  1016
episode:  50  ,seed:  6479
episode:  51  ,seed:  1161
episode:  52  ,seed:  7528
episode:  53  ,seed:  708
episode:  54  ,seed:  9380
episode:  55  ,seed:  111
episode:  56  ,seed:  8834
episode:  57  ,seed:  7087
episode:  58  ,seed:  7961
episode:  59  ,seed:  4732
episode:  60  ,seed:  4875
episode:  61  ,seed:  6340
episode:  62  ,seed:  8505
episode:  63  ,seed:  3613
episode:  64  ,seed:  5687
episode:  65  ,seed:  6039
episode:  66  ,seed:  256
episode:  67  ,seed:  3621
episode:  68  ,seed:  7289
episode:  69  ,seed:  5625
episode:  70  ,seed:  2325
episode:  71  ,seed:  819
episode:  72  ,seed:  986
episode:  73  ,seed:  2544
episode:  74  ,seed:  708
episode:  75  ,seed:  9497
episode:  76  ,seed:  2659
episode:  77  ,seed:  8327
episode:  78  ,seed:  4210
episode:  79  ,seed:  2140
episode:  80  ,seed:  4210
episode:  81  ,seed:  7517
episode:  82  ,seed:  9260
episode:  83  ,seed:  6355
episode:  84  ,seed:  419
episode:  85  ,seed:  8077
episode:  86  ,seed:  9639
episode:  87  ,seed:  9953
episode:  88  ,seed:  9278
episode:  89  ,seed:  5342
episode:  90  ,seed:  8496
episode:  91  ,seed:  2407
episode:  92  ,seed:  7581
episode:  93  ,seed:  661
episode:  94  ,seed:  6382
episode:  95  ,seed:  1351
episode:  96  ,seed:  1891
episode:  97  ,seed:  8453
episode:  98  ,seed:  1197
episode:  99  ,seed:  7414
episode:  100  ,seed:  1937
episode:  101  ,seed:  8928
episode:  102  ,seed:  705
episode:  103  ,seed:  5709
episode:  104  ,seed:  3180
episode:  105  ,seed:  5474
episode:  106  ,seed:  4390
episode:  107  ,seed:  6876
episode:  108  ,seed:  7161
episode:  109  ,seed:  9347
episode:  110  ,seed:  6857
episode:  111  ,seed:  49
episode:  112  ,seed:  3144
episode:  113  ,seed:  6479
episode:  114  ,seed:  2589
episode:  115  ,seed:  8330
episode:  116  ,seed:  8998
episode:  117  ,seed:  9222
episode:  118  ,seed:  7873
episode:  119  ,seed:  2133
episode:  120  ,seed:  5914
episode:  121  ,seed:  6709
episode:  122  ,seed:  304
episode:  123  ,seed:  3212
episode:  124  ,seed:  6906
episode:  125  ,seed:  7223
episode:  126  ,seed:  249
episode:  127  ,seed:  7078
episode:  128  ,seed:  6479
episode:  129  ,seed:  4392
episode:  130  ,seed:  4624
episode:  131  ,seed:  7970
episode:  132  ,seed:  7078
episode:  133  ,seed:  986
episode:  134  ,seed:  2165
episode:  135  ,seed:  4624
episode:  136  ,seed:  256
episode:  137  ,seed:  5812
episode:  138  ,seed:  1079
episode:  139  ,seed:  6633
episode:  140  ,seed:  6652
episode:  141  ,seed:  1426
episode:  142  ,seed:  3405
episode:  143  ,seed:  7161
episode:  144  ,seed:  2898
episode:  145  ,seed:  7873
episode:  146  ,seed:  7165
episode:  147  ,seed:  5177
episode:  148  ,seed:  9502
episode:  149  ,seed:  7165
episode:  150  ,seed:  482
episode:  151  ,seed:  3608
episode:  152  ,seed:  1815
episode:  153  ,seed:  2093
episode:  154  ,seed:  7347
episode:  155  ,seed:  2965
episode:  156  ,seed:  6880
episode:  157  ,seed:  2946
episode:  158  ,seed:  9505
episode:  159  ,seed:  9906
episode:  160  ,seed:  3870
episode:  161  ,seed:  1197
episode:  162  ,seed:  1318
episode:  163  ,seed:  7347
episode:  164  ,seed:  8390
episode:  165  ,seed:  7652
episode:  166  ,seed:  819
episode:  167  ,seed:  9822
episode:  168  ,seed:  781
episode:  169  ,seed:  8437
episode:  170  ,seed:  5965
episode:  171  ,seed:  2841
episode:  172  ,seed:  127
episode:  173  ,seed:  3935
episode:  174  ,seed:  2898
episode:  175  ,seed:  2897
episode:  176  ,seed:  49
episode:  177  ,seed:  8390
episode:  178  ,seed:  4870
episode:  179  ,seed:  3732
episode:  180  ,seed:  705
episode:  181  ,seed:  7244
episode:  182  ,seed:  5573
episode:  183  ,seed:  5307
episode:  184  ,seed:  3180
episode:  185  ,seed:  1208
episode:  186  ,seed:  1840
episode:  187  ,seed:  75
episode:  188  ,seed:  8933
episode:  189  ,seed:  8382
episode:  190  ,seed:  364
episode:  191  ,seed:  1038
episode:  192  ,seed:  1815
episode:  193  ,seed:  7346
episode:  194  ,seed:  2732
episode:  195  ,seed:  1517
episode:  196  ,seed:  6711
episode:  197  ,seed:  5342
episode:  198  ,seed:  242
episode:  199  ,seed:  2589
episode:  200  ,seed:  9530
episode:  201  ,seed:  8624
episode:  202  ,seed:  7131
episode:  203  ,seed:  3259
episode:  204  ,seed:  4870
episode:  205  ,seed:  124
episode:  206  ,seed:  9990
episode:  207  ,seed:  8102
episode:  208  ,seed:  3496
episode:  209  ,seed:  169
episode:  210  ,seed:  5425
episode:  211  ,seed:  1103
episode:  212  ,seed:  3047
episode:  213  ,seed:  849
episode:  214  ,seed:  9380
episode:  215  ,seed:  9784
episode:  216  ,seed:  8025
episode:  217  ,seed:  9512
episode:  218  ,seed:  9505
episode:  219  ,seed:  1038
episode:  220  ,seed:  2574
episode:  221  ,seed:  4216
episode:  222  ,seed:  6408
episode:  223  ,seed:  3779
episode:  224  ,seed:  6351
episode:  225  ,seed:  5474
episode:  226  ,seed:  2590
episode:  227  ,seed:  5965
episode:  228  ,seed:  7974
episode:  229  ,seed:  9380
episode:  230  ,seed:  7347
episode:  231  ,seed:  9497
episode:  232  ,seed:  6633
episode:  233  ,seed:  8253
episode:  234  ,seed:  8894
episode:  235  ,seed:  3212
episode:  236  ,seed:  7177
episode:  237  ,seed:  4811
episode:  238  ,seed:  3047
episode:  239  ,seed:  819
episode:  240  ,seed:  2314
episode:  241  ,seed:  6709
episode:  242  ,seed:  2165
episode:  243  ,seed:  9634
episode:  244  ,seed:  4216
episode:  245  ,seed:  7493
episode:  246  ,seed:  1891
episode:  247  ,seed:  1351
episode:  248  ,seed:  4942
episode:  249  ,seed:  6825
episode:  250  ,seed:  1103
episode:  251  ,seed:  9253
episode:  252  ,seed:  9822
episode:  253  ,seed:  75
episode:  254  ,seed:  2030
episode:  255  ,seed:  141
episode:  256  ,seed:  5274
episode:  257  ,seed:  6874
episode:  258  ,seed:  7581
episode:  259  ,seed:  8377
episode:  260  ,seed:  419
episode:  261  ,seed:  7517
episode:  262  ,seed:  304
episode:  263  ,seed:  7581
episode:  264  ,seed:  5204
episode:  265  ,seed:  4701
episode:  266  ,seed:  4277
episode:  267  ,seed:  1038
episode:  268  ,seed:  4425
episode:  269  ,seed:  5573
episode:  270  ,seed:  781
episode:  271  ,seed:  5172
episode:  272  ,seed:  7318
episode:  273  ,seed:  3271
episode:  274  ,seed:  1326
episode:  275  ,seed:  8502
episode:  276  ,seed:  8540
episode:  277  ,seed:  8230
episode:  278  ,seed:  9739
episode:  279  ,seed:  3160
episode:  280  ,seed:  2574
episode:  281  ,seed:  7839
episode:  282  ,seed:  2161
episode:  283  ,seed:  4012
episode:  284  ,seed:  3539
episode:  285  ,seed:  2732
episode:  286  ,seed:  9225
episode:  287  ,seed:  5814
episode:  288  ,seed:  5006
episode:  289  ,seed:  2574
episode:  290  ,seed:  8377
episode:  291  ,seed:  5895
episode:  292  ,seed:  7595
episode:  293  ,seed:  7155
episode:  294  ,seed:  7051
episode:  295  ,seed:  9734
episode:  296  ,seed:  6172
episode:  297  ,seed:  3539
episode:  298  ,seed:  6711episode:  1  ,seed:  2314
episode:  2  ,seed:  8998
episode:  3  ,seed:  7318
episode:  4  ,seed:  1937
episode:  5  ,seed:  3817
episode:  6  ,seed:  6172
episode:  7  ,seed:  7652
episode:  8  ,seed:  4703
episode:  9  ,seed:  5793
episode:  10  ,seed:  9990
episode:  11  ,seed:  3496
episode:  12  ,seed:  6938
episode:  13  ,seed:  4531
episode:  14  ,seed:  2544
episode:  15  ,seed:  828
episode:  16  ,seed:  4893
episode:  17  ,seed:  4662
episode:  18  ,seed:  2325
episode:  19  ,seed:  2732
episode:  20  ,seed:  1161
episode:  21  ,seed:  1969
episode:  22  ,seed:  8624
episode:  23  ,seed:  4558
episode:  24  ,seed:  4650
episode:  25  ,seed:  7860
episode:  26  ,seed:  9530
episode:  27  ,seed:  9737
episode:  28  ,seed:  4425
episode:  29  ,seed:  2998
episode:  30  ,seed:  4481
episode:  31  ,seed:  711
episode:  32  ,seed:  2897
episode:  33  ,seed:  2779
episode:  34  ,seed:  7197
episode:  35  ,seed:  6381
episode:  36  ,seed:  2240
episode:  37  ,seed:  2339
episode:  38  ,seed:  8006
episode:  39  ,seed:  1969
episode:  40  ,seed:  8951
episode:  41  ,seed:  8230
episode:  42  ,seed:  9457
episode:  43  ,seed:  5136
episode:  44  ,seed:  4943
episode:  45  ,seed:  9347
episode:  46  ,seed:  7177
episode:  47  ,seed:  2314
episode:  48  ,seed:  364
episode:  49  ,seed:  1024
episode:  50  ,seed:  9109
episode:  51  ,seed:  8928
episode:  52  ,seed:  6747
episode:  53  ,seed:  6076
episode:  54  ,seed:  1396
episode:  55  ,seed:  8729
episode:  56  ,seed:  1208
episode:  57  ,seed:  4005
episode:  58  ,seed:  4121
episode:  59  ,seed:  5806
episode:  60  ,seed:  9919
episode:  61  ,seed:  9770
episode:  62  ,seed:  6857
episode:  63  ,seed:  5697
episode:  64  ,seed:  2898
episode:  65  ,seed:  6709
episode:  66  ,seed:  4600
episode:  67  ,seed:  2161
episode:  68  ,seed:  8234
episode:  69  ,seed:  6351
episode:  70  ,seed:  9612
episode:  71  ,seed:  305
episode:  72  ,seed:  8796
episode:  73  ,seed:  4703
episode:  74  ,seed:  2165
episode:  75  ,seed:  3613
episode:  76  ,seed:  7860
episode:  77  ,seed:  4390
episode:  78  ,seed:  5177
episode:  79  ,seed:  3259
episode:  80  ,seed:  849
episode:  81  ,seed:  2897
episode:  82  ,seed:  5701
episode:  83  ,seed:  3929
episode:  84  ,seed:  5332
episode:  85  ,seed:  8588
episode:  86  ,seed:  4415
episode:  87  ,seed:  4369
episode:  88  ,seed:  3773
episode:  89  ,seed:  7018
episode:  90  ,seed:  5440
episode:  91  ,seed:  1761
episode:  92  ,seed:  9739
episode:  93  ,seed:  6633
episode:  94  ,seed:  8511
episode:  95  ,seed:  9225
episode:  96  ,seed:  6876
episode:  97  ,seed:  5474
episode:  98  ,seed:  7528
episode:  99  ,seed:  9512
episode:  100  ,seed:  8488
episode:  101  ,seed:  6642
episode:  102  ,seed:  3872
episode:  103  ,seed:  4650
episode:  104  ,seed:  1103
episode:  105  ,seed:  8025
episode:  106  ,seed:  4870
episode:  107  ,seed:  2874
episode:  108  ,seed:  6150
episode:  109  ,seed:  1761
episode:  110  ,seed:  1351
episode:  111  ,seed:  3805
episode:  112  ,seed:  8998
episode:  113  ,seed:  8731
episode:  114  ,seed:  2314
episode:  115  ,seed:  5895
episode:  116  ,seed:  8862
episode:  117  ,seed:  1840
episode:  118  ,seed:  1937
episode:  119  ,seed:  3818
episode:  120  ,seed:  2721
episode:  121  ,seed:  8230
episode:  122  ,seed:  5965
episode:  123  ,seed:  8719
episode:  124  ,seed:  3539
episode:  125  ,seed:  4647
episode:  126  ,seed:  9896
episode:  127  ,seed:  5573
episode:  128  ,seed:  1684
episode:  129  ,seed:  5208
episode:  130  ,seed:  3496
episode:  131  ,seed:  8240
episode:  132  ,seed:  97
episode:  133  ,seed:  1208
episode:  134  ,seed:  9953
episode:  135  ,seed:  9278
episode:  136  ,seed:  9737
episode:  137  ,seed:  470
episode:  138  ,seed:  6827
episode:  139  ,seed:  4560
episode:  140  ,seed:  8377
episode:  141  ,seed:  1378
episode:  142  ,seed:  8624
episode:  143  ,seed:  1840
episode:  144  ,seed:  3732
episode:  145  ,seed:  8951
episode:  146  ,seed:  1326
episode:  147  ,seed:  2721
episode:  148  ,seed:  9290
episode:  149  ,seed:  2832
episode:  150  ,seed:  2047
episode:  151  ,seed:  295
episode:  152  ,seed:  879
episode:  153  ,seed:  2574
episode:  154  ,seed:  1528
episode:  155  ,seed:  5573
episode:  156  ,seed:  2841
episode:  157  ,seed:  2030
episode:  158  ,seed:  3870
episode:  159  ,seed:  9109
episode:  160  ,seed:  7827
episode:  161  ,seed:  925
episode:  162  ,seed:  4216
episode:  163  ,seed:  7197
episode:  164  ,seed:  1937
episode:  165  ,seed:  2009
episode:  166  ,seed:  2966
episode:  167  ,seed:  1717
episode:  168  ,seed:  6150
episode:  169  ,seed:  419
episode:  170  ,seed:  7358
episode:  171  ,seed:  8077
episode:  172  ,seed:  2240
episode:  173  ,seed:  124
episode:  174  ,seed:  9512
episode:  175  ,seed:  5633
episode:  176  ,seed:  8505
episode:  177  ,seed:  3621
episode:  178  ,seed:  6689
episode:  179  ,seed:  2721
episode:  180  ,seed:  1580
episode:  181  ,seed:  4665
episode:  182  ,seed:  8437
episode:  183  ,seed:  4943
episode:  184  ,seed:  4333
episode:  185  ,seed:  9238
episode:  186  ,seed:  1517
episode:  187  ,seed:  8488
episode:  188  ,seed:  4560
episode:  189  ,seed:  2273
episode:  190  ,seed:  2874
episode:  191  ,seed:  9896
episode:  192  ,seed:  3184
episode:  193  ,seed:  303
episode:  194  ,seed:  8863
episode:  195  ,seed:  9734
episode:  196  ,seed:  2874
episode:  197  ,seed:  3962
episode:  198  ,seed:  3773
episode:  199  ,seed:  4665
episode:  200  ,seed:  1161
episode:  201  ,seed:  6633
episode:  202  ,seed:  5105
episode:  203  ,seed:  5306
episode:  204  ,seed:  5001
episode:  205  ,seed:  925
episode:  206  ,seed:  1937
episode:  207  ,seed:  2378
episode:  208  ,seed:  7589
episode:  209  ,seed:  9512
episode:  210  ,seed:  4460
episode:  211  ,seed:  1528
episode:  212  ,seed:  3212
episode:  213  ,seed:  1154
episode:  214  ,seed:  6938
episode:  215  ,seed:  5006
episode:  216  ,seed:  5136
episode:  217  ,seed:  5053
episode:  218  ,seed:  9222
episode:  219  ,seed:  2897
episode:  220  ,seed:  419
episode:  221  ,seed:  3872
episode:  222  ,seed:  9457
episode:  223  ,seed:  5307
episode:  224  ,seed:  6032
episode:  225  ,seed:  9253
episode:  226  ,seed:  7161
episode:  227  ,seed:  6689
episode:  228  ,seed:  5364
episode:  229  ,seed:  1426
episode:  230  ,seed:  7531
episode:  231  ,seed:  3402
episode:  232  ,seed:  5965
episode:  233  ,seed:  364
episode:  234  ,seed:  1318
episode:  235  ,seed:  8382
episode:  236  ,seed:  9953
episode:  237  ,seed:  7589
episode:  238  ,seed:  4937
episode:  239  ,seed:  8502
episode:  240  ,seed:  9450
episode:  241  ,seed:  8000
episode:  242  ,seed:  6880
episode:  243  ,seed:  4415
episode:  244  ,seed:  5690
episode:  245  ,seed:  4296
episode:  246  ,seed:  2273
episode:  247  ,seed:  1891
episode:  248  ,seed:  9734
episode:  249  ,seed:  6880
episode:  250  ,seed:  7781
episode:  251  ,seed:  9549
episode:  252  ,seed:  5697
episode:  253  ,seed:  7197
episode:  254  ,seed:  6158
episode:  255  ,seed:  2325
episode:  256  ,seed:  8928
episode:  257  ,seed:  828
episode:  258  ,seed:  1079
episode:  259  ,seed:  6550
episode:  260  ,seed:  7517
episode:  261  ,seed:  1016
episode:  262  ,seed:  6769
episode:  263  ,seed:  7161
episode:  264  ,seed:  1079
episode:  265  ,seed:  3047
episode:  266  ,seed:  3732
episode:  267  ,seed:  8945
episode:  268  ,seed:  9157
episode:  269  ,seed:  8020
episode:  270  ,seed:  3779
episode:  271  ,seed:  1836
episode:  272  ,seed:  3907
episode:  273  ,seed:  3160
episode:  274  ,seed:  3773
episode:  275  ,seed:  6408
episode:  276  ,seed:  2898
episode:  277  ,seed:  7956
episode:  278  ,seed:  2903
episode:  279  ,seed:  9450
episode:  280  ,seed:  1531
episode:  281  ,seed:  6825
episode:  282  ,seed:  2897
episode:  283  ,seed:  4379
episode:  284  ,seed:  3944
episode:  285  ,seed:  4937
episode:  286  ,seed:  3929
episode:  287  ,seed:  7318
episode:  288  ,seed:  6340
episode:  289  ,seed:  8102
episode:  290  ,seed:  6880
episode:  291  ,seed:  3076
episode:  292  ,seed:  819
episode:  293  ,seed:  2998
episode:  294  ,seed:  3621
episode:  295  ,seed:  3180
episode:  296  ,seed:  3817
episode:  297  ,seed:  3732
episode: ----------------------------------------
| rollout/                |            |
|    ep_len_mean          | 223        |
|    ep_rew_mean          | -277       |
|    success_rate         | 0          |
| time/                   |            |
|    fps                  | 479        |
|    iterations           | 9          |
|    time_elapsed         | 375        |
|    total_timesteps      | 108180000  |
| train/                  |            |
|    approx_kl            | 0.02394769 |
|    clip_fraction        | 0.211      |
|    clip_range           | 0.2        |
|    entropy_loss         | 1.66       |
|    explained_variance   | 0.954      |
|    learning_rate        | 0.0003     |
|    loss                 | 1.41       |
|    n_updates            | 54080      |
|    policy_gradient_loss | 0.00638    |
|    std                  | 0.105      |
|    value_loss           | 6.52       |
----------------------------------------
iteration 601/1000: reward_loss=226.8835  background_success_rate=0.00  policy_steps_so_far=108180000
episode:  21  ,seed:  711
episode:  22  ,seed:  5900
episode:  23  ,seed:  711
episode:  24  ,seed:  218
episode:  25  ,seed:  7009
episode:  26  ,seed:  6825
episode:  27  ,seed:  6465
episode:  28  ,seed:  3541
episode:  29  ,seed:  5812
episode:  30  ,seed:  8229
episode:  31  ,seed:  1997
episode:  32  ,seed:  7346
episode:  33  ,seed:  6642
episode:  34  ,seed:  8102
episode:  35  ,seed:  2140
episode:  36  ,seed:  811
episode:  37  ,seed:  2076
episode:  38  ,seed:  6685
episode:  39  ,seed:  1471
episode:  40  ,seed:  1517
Logging to logs/tensorboard/phase0b_gcl/easy_easy_0
----------------------------------
| rollout/           |           |
|    ep_len_mean     | 263       |
|    ep_rew_mean     | -322      |
|    success_rate    | 0         |
| time/              |           |
|    fps             | 645       |
|    iterations      | 1         |
|    time_elapsed    | 30        |
|    total_timesteps | 108200000 |
----------------------------------
-----------------------------------------
| rollout/                |             |
|    ep_len_mean          | 290         |
|    ep_rew_mean          | -348        |
|    success_rate         | 0           |
| time/                   |             |
|    fps                  | 581         |
|    iterations           | 2           |
|    time_elapsed         | 68          |
|    total_timesteps      | 108220000   |
| train/                  |             |
|    approx_kl            | 0.024438778 |
|    clip_fraction        | 0.218       |
|    clip_range           | 0.2         |
|    entropy_loss         | 1.68        |
|    explained_variance   | 0.982       |
|    learning_rate        | 0.0003      |
|    loss                 | 0.215       |
|    n_updates            | 54100       |
|    policy_gradient_loss | 0.00478     |
|    std                  | 0.104       |
|    value_loss           | 2.78        |
-----------------------------------------
-----------------------------------------
| rollout/                |             |
|    ep_len_mean          | 309         |
|    ep_rew_mean          | -375        |
|    success_rate         | 0           |
| time/                   |             |
|    fps                  | 566         |
|    iterations           | 3           |
|    time_elapsed         | 105         |
|    total_timesteps      | 108240000   |
| train/                  |             |
|    approx_kl            | 0.022629915 |
|    clip_fraction        | 0.193       |
|    clip_range           | 0.2         |
|    entropy_loss         | 1.66        |
|    explained_variance   | 0.964       |
|    learning_rate        | 0.0003      |
|    loss                 | 0.302       |
|    n_updates            | 54110       |
|    policy_gradient_loss | 0.00685     |
|    std                  | 0.105       |
|    value_loss           | 3.4         |
-----------------------------------------
----------------------------------------
| rollout/                |            |
|    ep_len_mean          | 270        |
|    ep_rew_mean          | -329       |
|    success_rate         | 0.01       |
| time/                   |            |
|    fps                  | 557        |
|    iterations           | 4          |
|    time_elapsed         | 143        |
|    total_timesteps      | 108260000  |
| train/                  |            |
|    approx_kl            | 0.12144365 |
|    clip_fraction        | 0.216      |
|    clip_range           | 0.2        |
|    entropy_loss         | 1.67       |
|    explained_variance   | 0.966      |
|    learning_rate        | 0.0003     |
|    loss                 | 1.55       |
|    n_updates            | 54120      |
|    policy_gradient_loss | 0.0065     |
|    std                  | 0.105      |
|    value_loss           | 3.44       |
----------------------------------------
-----------------------------------------
| rollout/                |             |
|    ep_len_mean          | 257         |
|    ep_rew_mean          | -320        |
|    success_rate         | 0           |
| time/                   |             |
|    fps                  | 539         |
|    iterations           | 5           |
|    time_elapsed         | 185         |
|    total_timesteps      | 108280000   |
| train/                  |             |
|    approx_kl            | 0.034749206 |
|    clip_fraction        | 0.208       |
|    clip_range           | 0.2         |
|    entropy_loss         | 1.68        |
|    explained_variance   | 0.962       |
|    learning_rate        | 0.0003      |
|    loss                 | 0.562       |
|    n_updates            | 54130       |
|    policy_gradient_loss | 0.00466     |
|    std                  | 0.105       |
|    value_loss           | 4.58        |
-----------------------------------------
-----------------------------------------
| rollout/                |             |
|    ep_len_mean          | 289         |
|    ep_rew_mean          | -355        |
|    success_rate         | 0           |
| time/                   |             |
|    fps                  | 535         |
|    iterations           | 6           |
|    time_elapsed         | 224         |
|    total_timesteps      | 108300000   |
| train/                  |             |
|    approx_kl            | 0.025975011 |
|    clip_fraction        | 0.201       |
|    clip_range           | 0.2         |
|    entropy_loss         | 1.69        |
|    explained_variance   | 0.978       |
|    learning_rate        | 0.0003      |
|    loss                 | 0.799       |
|    n_updates            | 54140       |
|    policy_gradient_loss | 0.00388     |
|    std                  | 0.104       |
|    value_loss           | 3.28        |
-----------------------------------------
----------------------------------------
| rollout/                |            |
|    ep_len_mean          | 324        |
|    ep_rew_mean          | -408       |
|    success_rate         | 0          |
| time/                   |            |
|    fps                  | 328        |
|    iterations           | 7          |
|    time_elapsed         | 425        |
|    total_timesteps      | 108320000  |
| train/                  |            |
|    approx_kl            | 0.21993816 |
|    clip_fraction        | 0.238      |
|    clip_range           | 0.2        |
|    entropy_loss         | 1.7        |
|    explained_variance   | 0.979      |
|    learning_rate        | 0.0003     |
|    loss                 | 1.88       |
|    n_updates            | 54150      |
|    policy_gradient_loss | 0.00161    |
|    std                  | 0.103      |
|    value_loss           | 3.58       |
----------------------------------------

episode:  299  ,seed:  8496
episode:  300  ,seed:  9109
episode:  301  ,seed:  3779
episode:  302  ,seed:  7364
episode:  303  ,seed:  4313
episode:  304  ,seed:  9612
episode:  305  ,seed:  7078
episode:  306  ,seed:  6351
episode:  307  ,seed:  8327
episode:  308  ,seed:  7009
episode:  309  ,seed:  8505
episode:  310  ,seed:  1997
episode:  311  ,seed:  4369
episode:  312  ,seed:  2407
episode:  313  ,seed:  4498
episode:  314  ,seed:  6355
episode:  315  ,seed:  5625
episode:  316  ,seed:  6711
episode:  317  ,seed:  4005
episode:  318  ,seed:  352
episode:  319  ,seed:  1426
episode:  320  ,seed:  7177
episode:  321  ,seed:  8230
episode:  322  ,seed:  5189
episode:  323  ,seed:  7589
episode:  324  ,seed:  5938
episode:  325  ,seed:  1507
episode:  326  ,seed:  9934
episode:  327  ,seed:  2574
episode:  328  ,seed:  6709
episode:  329  ,seed:  819
episode:  330  ,seed:  1840
episode:  331  ,seed:  2125
episode:  332  ,seed:  1426
episode:  333  ,seed:  1197
episode:  334  ,seed:  8490
episode:  335  ,seed:  5342
episode:  336  ,seed:  9023
episode:  337  ,seed:  5520
episode:  338  ,seed:  705
episode:  339  ,seed:  2314
episode:  340  ,seed:  8264
episode:  341  ,seed:  2240
episode:  342  ,seed:  1684
episode:  343  ,seed:  8540
episode:  344  ,seed:  1684
episode:  345  ,seed:  9222
episode:  346  ,seed:  2314
episode:  347  ,seed:  4996
episode:  348  ,seed:  6032
episode:  349  ,seed:  2659
episode:  350  ,seed:  1531
episode:  351  ,seed:  6344
episode:  352  ,seed:  295
episode:  353  ,seed:  9953
episode:  354  ,seed:  1017
episode:  355  ,seed:  2339
episode:  356  ,seed:  7244
episode:  357  ,seed:  4409
episode:  358  ,seed:  5189
episode:  359  ,seed:  5814
episode:  360  ,seed:  9906
episode:  361  ,seed:  7781
episode:  362  ,seed:  7920
episode:  363  ,seed:  2821
episode:  364  ,seed:  3271
episode:  365  ,seed:  682
episode:  366  ,seed:  364
episode:  367  ,seed:  9699
episode:  368  ,seed:  7528
episode:  369  ,seed:  4953
episode:  370  ,seed:  2133
episode:  371  ,seed:  3541
episode:  372  ,seed:  925
episode:  373  ,seed:  6807
episode:  374  ,seed:  4390
episode:  375  ,seed:  6465
episode:  376  ,seed:  3496
episode:  377  ,seed:  1357
episode:  378  ,seed:  6032
episode:  379  ,seed:  6827
episode:  380  ,seed:  5001
episode:  381  ,seed:  1751
episode:  382  ,seed:  8502
episode:  383  ,seed:  8731
episode:  384  ,seed:  6408
episode:  385  ,seed:  1774
episode:  386  ,seed:  6642
episode:  387  ,seed:  6511
episode:  388  ,seed:  5337
episode:  389  ,seed:  5793
episode:  390  ,seed:  6642
episode:  391  ,seed:  5222
episode:  392  ,seed:  8264
episode:  393  ,seed:  5709
episode:  394  ,seed:  3370
episode:  395  ,seed:  2314
episode:  396  ,seed:  7161
episode:  397  ,seed:  7589
episode:  398  ,seed:  217
episode:  399  ,seed:  4296
episode:  400  ,seed:  7873
episode:  401  ,seed:  419
episode:  402  ,seed:  6550
episode:  403  ,seed:  9612
episode:  404  ,seed:  4481
episode:  405  ,seed:  5900
episode:  406  ,seed:  5520
episode:  407  ,seed:  7974
episode:  408  ,seed:  5895
episode:  409  ,seed:  4048
episode:  410  ,seed:  2273
episode:  411  ,seed:  3262
episode:  412  ,seed:  6827
episode:  413  ,seed:  5900
episode:  414  ,seed:  3872
episode:  415  ,seed:  4296
episode:  416  ,seed:  4333
episode:  417  ,seed:  4271
episode:  418  ,seed:  3818
episode:  419  ,seed:  8392
episode:  420  ,seed:  9896
episode:  421  ,seed:  4608
episode:  422  ,seed:  9278
episode:  423  ,seed:  819
episode:  424  ,seed:  3818
episode:  425  ,seed:  9037
episode:  426  ,seed:  8511
episode:  427  ,seed:  5697
episode:  428  ,seed:  2590
episode:  429  ,seed:  5814
episode:  430  ,seed:  534
episode:  431  ,seed:  9770
episode:  432  ,seed:  7489
episode:  433  ,seed:  9612
episode:  434  ,seed:  6076
episode:  435  ,seed:  3935
episode:  436  ,seed:  357
episode:  437  ,seed:  2721
episode:  438  ,seed:  5392
episode:  439  ,seed:  6351
episode:  440  ,seed:  4379
episode:  441  ,seed:  2125
episode:  442  ,seed:  9502
episode:  443  ,seed:  2489
episode:  444  ,seed:  6807
episode:  445  ,seed:  5606
episode:  446  ,seed:  9502
episode:  447  ,seed:  2165
episode:  448  ,seed:  8945
episode:  449  ,seed:  8496
episode:  450  ,seed:  4848
episode:  451  ,seed:  6968
episode:  452  ,seed:  9497
episode:  453  ,seed:  4425
episode:  454  ,seed:  3160
episode:  455  ,seed:  3102
episode:  456  ,seed:  8229
episode:  457  ,seed:  792
episode:  458  ,seed:  2821
episode:  459  ,seed:  5274
episode:  460  ,seed:  1531
episode:  461  ,seed:  5053
episode:  462  ,seed:  7727
episode:  463  ,seed:  6709
episode:  464  ,seed:  8862
episode:  465  ,seed:  3732
episode:  466  ,seed:  2659
episode:  467  ,seed:  1378
episode:  468  ,seed:  5474
episode:  469  ,seed:  1631
episode:  470  ,seed:  9037
episode:  471  ,seed:  8264
episode:  472  ,seed:  3732
episode:  473  ,seed:  9737
episode:  474  ,seed:  7589
episode:  475  ,seed:  2240
episode:  476  ,seed:  5006
episode:  477  ,seed:  2145
episode:  478  ,seed:  6689
episode:  479  ,seed:  8230
episode:  480  ,seed:  8102
episode:  481  ,seed:  5063
episode:  482  ,seed:  3732
episode:  483  ,seed:  7727
episode:  484  ,seed:  9347
episode:  485  ,seed:  6039
episode:  486  ,seed:  9278
episode:  487  ,seed:  6709
episode:  488  ,seed:  3076
episode:  489  ,seed:  6827
episode:  490  ,seed:  8437
episode:  491  ,seed:  400
episode:  492  ,seed:  1424
episode:  493  ,seed:  2489
episode:  494  ,seed:  2273
episode:  495  ,seed:  2240
episode:  496  ,seed:  5900
episode:  497  ,seed:  3840
episode:  498  ,seed:  4415
episode:  499  ,seed:  9734
episode:  500  ,seed:  4560
episode:  501  ,seed:  5606
episode:  502  ,seed:  4531
episode:  503  ,seed:  925
episode:  504  ,seed:  2125
episode:  505  ,seed:  124
episode:  506  ,seed:  6408
episode:  507  ,seed:  3907
episode:  508  ,seed:  4953
episode:  509  ,seed:  2246
episode:  510  ,seed:  2832
episode:  511  ,seed:  8006
episode:  512  ,seed:  7347
episode:  513  ,seed:  8894
episode:  514  ,seed:  9934
episode:  515  ,seed:  5214
episode:  516  ,seed:  598
episode:  517  ,seed:  1631
episode:  518  ,seed:  9502
episode:  519  ,seed:  5895
episode:  520  ,seed:  5452
episode:  521  ,seed:  5053
episode:  522  ,seed:  5914
episode:  523  ,seed:  2314
episode:  524  ,seed:  2093
episode:  525  ,seed:  5342
episode:  526  ,seed:  2921
episode:  527  ,seed:  9222
episode:  528  ,seed:  2759
episode:  529  ,seed:  5364
episode:  530  ,seed:  3779
episode:  531  ,seed:  4271
episode:  532  ,seed:  3608
episode:  533  ,seed:  819
episode:  534  ,seed:  3779
episode:  535  ,seed:  8719
episode:  536  ,seed:  9934
episode:  537  ,seed:  4937
episode:  538  ,seed:  6150
episode:  539  ,seed:  5199
episode:  540  ,seed:  3608
episode:  541  ,seed:  3184
episode:  542  ,seed:  9222
episode:  543  ,seed:  3082
episode:  544  ,seed:  2821
episode:  545  ,seed:  8490
episode:  546  ,seed:  1517
episode:  547  ,seed:  9739
episode:  548  ,seed:  5938
episode:  549  ,seed:  4271
episode:  550  ,seed:  8240
episode:  551  ,seed:  4665
episode:  552  ,seed:  3370
episode:  553  ,seed:  1836
episode:  554  ,seed:  2325
episode:  555  ,seed:  8453
episode:  556  ,seed:  2590
episode:  557  ,seed:  8020
episode:  558  ,seed:  1465
episode:  559  ,seed:  8234
episode:  560  ,seed:  2874
episode:  561  ,seed:  8933
episode:  562  ,seed:  242
episode:  563  ,seed:  6990
episode:  564  ,seed:  4481
episode:  565  ,seed:  305
episode:  566  ,seed:  4531
episode:  567  ,seed:  6646
episode:  568  ,seed:  6652
episode:  569  ,seed:  7402
episode:  570  ,seed:  5364
episode:  571  ,seed:  6624
episode:  572  ,seed:  5793
episode:  573  ,seed:  7244
episode:  574  ,seed:  2339
episode:  575  ,seed:  4665
episode:  576  ,seed:  4600
episode:  577  ,seed:  7018
episode:  578  ,seed:  8000
episode:  579  ,seed:  5520
episode:  580  ,seed:  3944
episode:  581  ,seed:  4942
episode:  582  ,seed:  879
episode:  583  ,seed:  4383
episode:  584  ,seed:  682
episode:  585  ,seed:  1573
episode:  586  ,seed:  2009
episode:  587  ,seed:  7197
episode:  588  ,seed:  7009
episode:  589  ,seed:  5440
episode:  590  ,seed:  5172
episode:  591  ,seed:  4635
episode:  298  ,seed:  849
episode:  299  ,seed:  3212
episode:  300  ,seed:  5332
episode:  301  ,seed:  7358
episode:  302  ,seed:  4558
episode:  303  ,seed:  4811
episode:  304  ,seed:  7346
episode:  305  ,seed:  1465
episode:  306  ,seed:  9784
episode:  307  ,seed:  4277
episode:  308  ,seed:  4313
episode:  309  ,seed:  111
episode:  310  ,seed:  6633
episode:  311  ,seed:  1531
episode:  312  ,seed:  2273
episode:  313  ,seed:  4390
episode:  314  ,seed:  4703
episode:  315  ,seed:  7161
episode:  316  ,seed:  5606
episode:  317  ,seed:  3680
episode:  318  ,seed:  7051
episode:  319  ,seed:  6624
episode:  320  ,seed:  8000
episode:  321  ,seed:  8230
episode:  322  ,seed:  3944
episode:  323  ,seed:  3402
episode:  324  ,seed:  6633
episode:  325  ,seed:  1631
episode:  326  ,seed:  9784
episode:  327  ,seed:  8377
episode:  328  ,seed:  9450
episode:  329  ,seed:  3868
episode:  330  ,seed:  3402
episode:  331  ,seed:  2544
episode:  332  ,seed:  8453
episode:  333  ,seed:  242
episode:  334  ,seed:  937
episode:  335  ,seed:  8796
episode:  336  ,seed:  3160
episode:  337  ,seed:  4996
episode:  338  ,seed:  7727
episode:  339  ,seed:  7873
episode:  340  ,seed:  855
episode:  341  ,seed:  9502
episode:  342  ,seed:  355
episode:  343  ,seed:  7974
episode:  344  ,seed:  7244
episode:  345  ,seed:  3271
episode:  346  ,seed:  7051
episode:  347  ,seed:  2966
episode:  348  ,seed:  8000
episode:  349  ,seed:  1024
episode:  350  ,seed:  5364
episode:  351  ,seed:  9222
episode:  352  ,seed:  5025
episode:  353  ,seed:  6452
episode:  354  ,seed:  2009
episode:  355  ,seed:  4409
episode:  356  ,seed:  6622
episode:  357  ,seed:  3870
episode:  358  ,seed:  9457
episode:  359  ,seed:  3779
episode:  360  ,seed:  1684
episode:  361  ,seed:  542
episode:  362  ,seed:  8102
episode:  363  ,seed:  2732
episode:  364  ,seed:  3608
episode:  365  ,seed:  9157
episode:  366  ,seed:  5222
episode:  367  ,seed:  2898
episode:  368  ,seed:  8240
episode:  369  ,seed:  3405
episode:  370  ,seed:  8951
episode:  371  ,seed:  9549
episode:  372  ,seed:  6938
episode:  373  ,seed:  2339
episode:  374  ,seed:  5001
episode:  375  ,seed:  9347
episode:  376  ,seed:  6807
episode:  377  ,seed:  3805
episode:  378  ,seed:  9215
episode:  379  ,seed:  5274
episode:  380  ,seed:  2590
episode:  381  ,seed:  7956
episode:  382  ,seed:  1326
episode:  383  ,seed:  2544
episode:  384  ,seed:  2489
episode:  385  ,seed:  8230
episode:  386  ,seed:  6689
episode:  387  ,seed:  5306
episode:  388  ,seed:  7347
episode:  389  ,seed:  6340
episode:  390  ,seed:  3076
episode:  391  ,seed:  5707
episode:  392  ,seed:  9953
episode:  393  ,seed:  3680
episode:  394  ,seed:  7087
episode:  395  ,seed:  6747
episode:  396  ,seed:  4313
episode:  397  ,seed:  6825
episode:  398  ,seed:  2009
episode:  399  ,seed:  7974
episode:  400  ,seed:  9530
episode:  401  ,seed:  3872
episode:  402  ,seed:  3370
episode:  403  ,seed:  3539
episode:  404  ,seed:  5275
episode:  405  ,seed:  3805
episode:  406  ,seed:  9770
episode:  407  ,seed:  8264
episode:  408  ,seed:  8729
episode:  409  ,seed:  2832
episode:  410  ,seed:  6158
episode:  411  ,seed:  1751
episode:  412  ,seed:  8043
episode:  413  ,seed:  2030
episode:  414  ,seed:  7781
episode:  415  ,seed:  6525
episode:  416  ,seed:  2854
episode:  417  ,seed:  2076
episode:  418  ,seed:  6032
episode:  419  ,seed:  2966
episode:  420  ,seed:  9290
episode:  421  ,seed:  1531
episode:  422  ,seed:  9826
episode:  423  ,seed:  5392
episode:  424  ,seed:  9380
episode:  425  ,seed:  3817
episode:  426  ,seed:  1608
episode:  427  ,seed:  2165
episode:  428  ,seed:  8512
episode:  429  ,seed:  7517
episode:  430  ,seed:  7956
episode:  431  ,seed:  9037
episode:  432  ,seed:  9512
episode:  433  ,seed:  9505
episode:  434  ,seed:  2779
episode:  435  ,seed:  5392
episode:  436  ,seed:  1079
episode:  437  ,seed:  1038
episode:  438  ,seed:  9530
episode:  439  ,seed:  9050
episode:  440  ,seed:  3184
episode:  441  ,seed:  8230
episode:  442  ,seed:  2047
episode:  443  ,seed:  6709
episode:  444  ,seed:  2832
episode:  445  ,seed:  9238
episode:  446  ,seed:  5425
episode:  447  ,seed:  419
episode:  448  ,seed:  4216
episode:  449  ,seed:  1471
episode:  450  ,seed:  6039
episode:  451  ,seed:  8502
episode:  452  ,seed:  7347
episode:  453  ,seed:  7414
episode:  454  ,seed:  8390
episode:  455  ,seed:  97
episode:  456  ,seed:  8872
episode:  457  ,seed:  3212
episode:  458  ,seed:  3732
episode:  459  ,seed:  6836
episode:  460  ,seed:  4713
episode:  461  ,seed:  2903
episode:  462  ,seed:  4415
episode:  463  ,seed:  849
episode:  464  ,seed:  3935
episode:  465  ,seed:  5204
episode:  466  ,seed:  2276
episode:  467  ,seed:  2589
episode:  468  ,seed:  2903
episode:  469  ,seed:  9612
episode:  470  ,seed:  4392
episode:  471  ,seed:  581
episode:  472  ,seed:  4277
episode:  473  ,seed:  4893
episode:  474  ,seed:  2686
episode:  475  ,seed:  4333
episode:  476  ,seed:  3689
episode:  477  ,seed:  682
episode:  478  ,seed:  9154
episode:  479  ,seed:  3212
episode:  480  ,seed:  2378
episode:  481  ,seed:  9109
episode:  482  ,seed:  5063
episode:  483  ,seed:  3370
episode:  484  ,seed:  4480
episode:  485  ,seed:  1154
episode:  486  ,seed:  938
episode:  487  ,seed:  9050
episode:  488  ,seed:  6381
episode:  489  ,seed:  8719
episode:  490  ,seed:  3818
episode:  491  ,seed:  2407
episode:  492  ,seed:  6825
episode:  493  ,seed:  4392
episode:  494  ,seed:  7364
episode:  495  ,seed:  5900
episode:  496  ,seed:  7531
episode:  497  ,seed:  3935
episode:  498  ,seed:  6825
episode:  499  ,seed:  9784
episode:  500  ,seed:  5452
episode:  501  ,seed:  708
episode:  502  ,seed:  7051
episode:  503  ,seed:  8121
episode:  504  ,seed:  2854
episode:  505  ,seed:  2145
episode:  506  ,seed:  6652
episode:  507  ,seed:  1351
episode:  508  ,seed:  7087
episode:  509  ,seed:  3773
episode:  510  ,seed:  8945
episode:  511  ,seed:  8863
episode:  512  ,seed:  3496
episode:  513  ,seed:  1161
episode:  514  ,seed:  217
episode:  515  ,seed:  7318
episode:  516  ,seed:  1815
episode:  517  ,seed:  9919
episode:  518  ,seed:  5053
episode:  519  ,seed:  4870
episode:  520  ,seed:  5337
episode:  521  ,seed:  357
episode:  522  ,seed:  5709
episode:  523  ,seed:  9457
episode:  524  ,seed:  1840
episode:  525  ,seed:  6381
episode:  526  ,seed:  9699
episode:  527  ,seed:  4942
episode:  528  ,seed:  1351
episode:  529  ,seed:  811
episode:  530  ,seed:  305
episode:  531  ,seed:  6709
episode:  532  ,seed:  242
episode:  533  ,seed:  3102
episode:  534  ,seed:  4383
episode:  535  ,seed:  2246
episode:  536  ,seed:  3861
episode:  537  ,seed:  2946
episode:  538  ,seed:  7493
episode:  539  ,seed:  8951
episode:  540  ,seed:  4425
episode:  541  ,seed:  5204
episode:  542  ,seed:  5812
episode:  543  ,seed:  6622
episode:  544  ,seed:  4811
episode:  545  ,seed:  9050
episode:  546  ,seed:  4635
episode:  547  ,seed:  8382
episode:  548  ,seed:  7346
episode:  549  ,seed:  6351
episode:  550  ,seed:  1079
episode:  551  ,seed:  8453
episode:  552  ,seed:  5274
episode:  553  ,seed:  4732
episode:  554  ,seed:  5342
episode:  555  ,seed:  4005
episode:  556  ,seed:  2897
episode:  557  ,seed:  1528
episode:  558  ,seed:  7051
episode:  559  ,seed:  5364
episode:  560  ,seed:  2273
episode:  561  ,seed:  4415
episode:  562  ,seed:  5625
episode:  563  ,seed:  6511
episode:  564  ,seed:  5954
episode:  565  ,seed:  3067
episode:  566  ,seed:  1891
episode:  567  ,seed:  1894
episode:  568  ,seed:  9238
episode:  569  ,seed:  9934
episode:  570  ,seed:  9222
episode:  571  ,seed:  8998
episode:  572  ,seed:  2821
episode:  573  ,seed:  986
episode:  574  ,seed:  708
episode:  575  ,seed:  6381
episode:  576  ,seed:  879
episode:  577  ,seed:  3541
episode:  578  ,seed:  5392
episode:  579  ,seed:  7391
episode:  580  ,seed:  7956
episode:  581  ,seed:  1227
episode:  582  ,seed:  4662
episode:  583  ,seed:  1891
episode:  584  ,seed:  1210
episode:  585  ,seed:  8382
episode:  586  ,seed:  6408
episode:  587  ,seed:  7347
episode:  588  ,seed:  581
episode:  589  ,seed:  518
episode:  590  ,seed:  937
episode:  591  ,seed:  -----------------------------------------
| rollout/                |             |
|    ep_len_mean          | 309         |
|    ep_rew_mean          | -380        |
|    success_rate         | 0           |
| time/                   |             |
|    fps                  | 344         |
|    iterations           | 8           |
|    time_elapsed         | 464         |
|    total_timesteps      | 108340000   |
| train/                  |             |
|    approx_kl            | 0.021625305 |
|    clip_fraction        | 0.166       |
|    clip_range           | 0.2         |
|    entropy_loss         | 1.7         |
|    explained_variance   | 0.938       |
|    learning_rate        | 0.0003      |
|    loss                 | 2.04        |
|    n_updates            | 54160       |
|    policy_gradient_loss | 0.00356     |
|    std                  | 0.103       |
|    value_loss           | 7.07        |
-----------------------------------------
-----------------------------------------
| rollout/                |             |
|    ep_len_mean          | 262         |
|    ep_rew_mean          | -317        |
|    success_rate         | 0.01        |
| time/                   |             |
|    fps                  | 287         |
|    iterations           | 9           |
|    time_elapsed         | 625         |
|    total_timesteps      | 108360000   |
| train/                  |             |
|    approx_kl            | 0.027770076 |
|    clip_fraction        | 0.216       |
|    clip_range           | 0.2         |
|    entropy_loss         | 1.69        |
|    explained_variance   | 0.965       |
|    learning_rate        | 0.0003      |
|    loss                 | 1.55        |
|    n_updates            | 54170       |
|    policy_gradient_loss | 0.00756     |
|    std                  | 0.104       |
|    value_loss           | 4.27        |
-----------------------------------------
iteration 602/1000: reward_loss=226.6987  background_success_rate=0.00  policy_steps_so_far=108360000
episode:  41  ,seed:  7161
episode:  42  ,seed:  3805
episode:  43  ,seed:  111
episode:  44  ,seed:  1774
episode:  45  ,seed:  8951
episode:  46  ,seed:  4624
episode:  47  ,seed:  9699
episode:  48  ,seed:  8945
episode:  49  ,seed:  6355
episode:  50  ,seed:  256
episode:  51  ,seed:  9990
episode:  52  ,seed:  400
episode:  53  ,seed:  5814
episode:  54  ,seed:  9308
episode:  55  ,seed:  3370
episode:  56  ,seed:  7827
episode:  57  ,seed:  470
episode:  58  ,seed:  3067
episode:  59  ,seed:  191
episode:  60  ,seed:  1774
Logging to logs/tensorboard/phase0b_gcl/easy_easy_0
----------------------------------
| rollout/           |           |
|    ep_len_mean     | 313       |
|    ep_rew_mean     | -376      |
|    success_rate    | 0.01      |
| time/              |           |
|    fps             | 467       |
|    iterations      | 1         |
|    time_elapsed    | 42        |
|    total_timesteps | 108380000 |
----------------------------------
-----------------------------------------
| rollout/                |             |
|    ep_len_mean          | 308         |
|    ep_rew_mean          | -364        |
|    success_rate         | 0           |
| time/                   |             |
|    fps                  | 257         |
|    iterations           | 2           |
|    time_elapsed         | 155         |
|    total_timesteps      | 108400000   |
| train/                  |             |
|    approx_kl            | 0.041576035 |
|    clip_fraction        | 0.219       |
|    clip_range           | 0.2         |
|    entropy_loss         | 1.69        |
|    explained_variance   | 0.967       |
|    learning_rate        | 0.0003      |
|    loss                 | 1.3         |
|    n_updates            | 54190       |
|    policy_gradient_loss | 0.00603     |
|    std                  | 0.103       |
|    value_loss           | 3.17        |
-----------------------------------------
-----------------------------------------
| rollout/                |             |
|    ep_len_mean          | 304         |
|    ep_rew_mean          | -361        |
|    success_rate         | 0.01        |
| time/                   |             |
|    fps                  | 210         |
|    iterations           | 3           |
|    time_elapsed         | 285         |
|    total_timesteps      | 108420000   |
| train/                  |             |
|    approx_kl            | 0.027173603 |
|    clip_fraction        | 0.218       |
|    clip_range           | 0.2         |
|    entropy_loss         | 1.7         |
|    explained_variance   | 0.964       |
|    learning_rate        | 0.0003      |
|    loss                 | 1.13        |
|    n_updates            | 54200       |
|    policy_gradient_loss | 0.00369     |
|    std                  | 0.104       |
|    value_loss           | 3.99        |
-----------------------------------------
----------------------------------------
| rollout/                |            |
|    ep_len_mean          | 286        |
|    ep_rew_mean          | -354       |
|    success_rate         | 0.03       |
| time/                   |            |
|    fps                  | 157        |
|    iterations           | 4          |
|    time_elapsed         | 509        |
|    total_timesteps      | 108440000  |
| train/                  |            |
|    approx_kl            | 0.02311399 |
|    clip_fraction        | 0.197      |
|    clip_range           | 0.2        |
|    entropy_loss         | 1.69       |
|    explained_variance   | 0.966      |
|    learning_rate        | 0.0003     |
|    loss                 | 0.997      |
|    n_updates            | 54210      |
|    policy_gradient_loss | 0.00427    |
|    std                  | 0.104      |
|    value_loss           | 2.56       |
----------------------------------------
-----------------------------------------
| rollout/                |             |
|    ep_len_mean          | 313         |
|    ep_rew_mean          | -377        |
|    success_rate         | 0.04        |
| time/                   |             |
|    fps                  | 183         |
|    iterations           | 5           |
|    time_elapsed         | 546         |
|    total_timesteps      | 108460000   |
| train/                  |             |
|    approx_kl            | 0.021723835 |
|    clip_fraction        | 0.179       |
|    clip_range           | 0.2         |
|    entropy_loss         | 1.69        |
|    explained_variance   | 0.951       |
|    learning_rate        | 0.0003      |
|    loss                 | 0.625       |
|    n_updates            | 54220       |
|    policy_gradient_loss | 0.00543     |
|    std                  | 0.104       |
|    value_loss           | 7.26        |
-----------------------------------------
-----------------------------------------
| rollout/                |             |
|    ep_len_mean          | 305         |
|    ep_rew_mean          | -377        |
|    success_rate         | 0.02        |
| time/                   |             |
|    fps                  | 187         |
|    iterations           | 6           |
|    time_elapsed         | 640         |
|    total_timesteps      | 108480000   |
| train/                  |             |
|    approx_kl            | 0.022148238 |
|    clip_fraction        | 0.204       |
|    clip_range           | 0.2         |
|    entropy_loss         | 1.68        |
|    explained_variance   | 0.94        |
|    learning_rate        | 0.0003      |
|    loss                 | 0.775       |
|    n_updates            | 54230       |
|    policy_gradient_loss | 0.0091      |
|    std                  | 0.104       |
|    value_loss           | 4.46        |
-----------------------------------------
-----------------------------------------
| rollout/                |             |
|    ep_len_mean          | 309         |
|    ep_rew_mean          | -383        |
|    success_rate         | 0.01        |
| time/                   |             |
|    fps                  | 185         |
|    iterations           | 7           |
|    time_elapsed         | 753         |
|    total_timesteps      | 108500000   |
| train/                  |             |
|    approx_kl            | 0.019715698 |
|    clip_fraction        | 0.188       |
|    clip_range           | 0.2         |
|    entropy_loss         | 1.69        |
|    explained_variance   | 0.961       |
|    learning_rate        | 0.0003      |
|    loss                 | 0.887       |
|    n_updates            | 54240       |
|    policy_gradient_loss | 0.00811     |
|    std                  | 0.104       |
|    value_loss           | 2.84        |
-----------------------------------------
 592  ,seed:  7974
episode:  593  ,seed:  3962
episode:  594  ,seed:  3212
episode:  595  ,seed:  7358
episode:  596  ,seed:  6525
episode:  597  ,seed:  811
episode:  598  ,seed:  6652
episode:  599  ,seed:  6381
episode:  600  ,seed:  9253
episode:  601  ,seed:  7961
episode:  602  ,seed:  5709
episode:  603  ,seed:  419
episode:  604  ,seed:  1836
episode:  605  ,seed:  9225
episode:  606  ,seed:  2779
episode:  607  ,seed:  5006
episode:  608  ,seed:  9734
episode:  609  ,seed:  5633
episode:  610  ,seed:  3271
episode:  611  ,seed:  364
episode:  612  ,seed:  5425
episode:  613  ,seed:  8490
episode:  614  ,seed:  6968
episode:  615  ,seed:  2030
episode:  616  ,seed:  2537
episode:  617  ,seed:  5938
episode:  618  ,seed:  2339
episode:  619  ,seed:  2643
episode:  620  ,seed:  1517
episode:  621  ,seed:  5425
episode:  622  ,seed:  2314
episode:  623  ,seed:  217
episode:  624  ,seed:  2841
episode:  625  ,seed:  1197
episode:  626  ,seed:  8240
episode:  627  ,seed:  303
episode:  628  ,seed:  2240
episode:  629  ,seed:  2537
episode:  630  ,seed:  5812
episode:  631  ,seed:  4425
episode:  632  ,seed:  5208
episode:  633  ,seed:  8437
episode:  634  ,seed:  6843
episode:  635  ,seed:  3262
episode:  636  ,seed:  7517
episode:  637  ,seed:  75
episode:  638  ,seed:  9157
episode:  639  ,seed:  5364
episode:  640  ,seed:  3719
episode:  641  ,seed:  9706
episode:  642  ,seed:  3496
episode:  643  ,seed:  6990
episode:  644  ,seed:  4409
episode:  645  ,seed:  2895
episode:  646  ,seed:  9397
episode:  647  ,seed:  3370
episode:  648  ,seed:  8862
episode:  649  ,seed:  3015
episode:  650  ,seed:  9238
episode:  651  ,seed:  9739
episode:  652  ,seed:  7531
episode:  653  ,seed:  218
episode:  654  ,seed:  598
episode:  655  ,seed:  8253
episode:  656  ,seed:  1836
episode:  657  ,seed:  2874
episode:  658  ,seed:  792
episode:  659  ,seed:  6351
episode:  660  ,seed:  8377
episode:  661  ,seed:  8863
episode:  662  ,seed:  9906
episode:  663  ,seed:  9505
episode:  664  ,seed:  8453
episode:  665  ,seed:  5633
episode:  666  ,seed:  7347
episode:  667  ,seed:  7839
episode:  668  ,seed:  1326
episode:  669  ,seed:  3259
episode:  670  ,seed:  1378
episode:  671  ,seed:  2965
episode:  672  ,seed:  3262
episode:  673  ,seed:  4048
episode:  674  ,seed:  7177
episode:  675  ,seed:  4409
episode:  676  ,seed:  3621
episode:  677  ,seed:  7414
episode:  678  ,seed:  8998
episode:  679  ,seed:  9927
episode:  680  ,seed:  9685
episode:  681  ,seed:  124
episode:  682  ,seed:  4460
episode:  683  ,seed:  3929
episode:  684  ,seed:  4296
episode:  685  ,seed:  1528
episode:  686  ,seed:  8945
episode:  687  ,seed:  4409
episode:  688  ,seed:  5189
episode:  689  ,seed:  9737
episode:  690  ,seed:  3539
episode:  691  ,seed:  5709
episode:  692  ,seed:  9822
episode:  693  ,seed:  1424
episode:  694  ,seed:  9685
episode:  695  ,seed:  1840
episode:  696  ,seed:  5606
episode:  697  ,seed:  9919
episode:  698  ,seed:  2145
episode:  699  ,seed:  4210
episode:  700  ,seed:  4558
episode:  701  ,seed:  3047
episode:  702  ,seed:  6158
episode:  703  ,seed:  7860
episode:  704  ,seed:  8731
episode:  705  ,seed:  2895
episode:  706  ,seed:  1580
episode:  707  ,seed:  518
episode:  708  ,seed:  9612
episode:  709  ,seed:  8264
episode:  710  ,seed:  7346
episode:  711  ,seed:  141
episode:  712  ,seed:  4624
episode:  713  ,seed:  8240
episode:  714  ,seed:  7414
episode:  715  ,seed:  2998
episode:  716  ,seed:  3779
episode:  717  ,seed:  9290
episode:  718  ,seed:  6825
episode:  719  ,seed:  2903
episode:  720  ,seed:  5342
episode:  721  ,seed:  6747
episode:  722  ,seed:  4481
episode:  723  ,seed:  7223
episode:  724  ,seed:  3621
episode:  725  ,seed:  9260
episode:  726  ,seed:  8377
episode:  727  ,seed:  5199
episode:  728  ,seed:  1210
episode:  729  ,seed:  4483
episode:  730  ,seed:  6550
episode:  731  ,seed:  8617
episode:  732  ,seed:  7489
episode:  733  ,seed:  7727
episode:  734  ,seed:  9898
episode:  735  ,seed:  5306
episode:  736  ,seed:  5914
episode:  737  ,seed:  6408
episode:  738  ,seed:  5625
episode:  739  ,seed:  8505
episode:  740  ,seed:  3608
episode:  741  ,seed:  4005
episode:  742  ,seed:  5606
episode:  743  ,seed:  3779
episode:  744  ,seed:  3402
episode:  745  ,seed:  5342
episode:  746  ,seed:  9457
episode:  747  ,seed:  295
episode:  748  ,seed:  7970
episode:  749  ,seed:  4210
episode:  750  ,seed:  6880
episode:  751  ,seed:  2030
episode:  752  ,seed:  2276
episode:  753  ,seed:  5177
episode:  754  ,seed:  191
episode:  755  ,seed:  7155
episode:  756  ,seed:  4870
episode:  757  ,seed:  3732
episode:  758  ,seed:  9739
episode:  759  ,seed:  1891
episode:  760  ,seed:  355
episode:  761  ,seed:  3613
episode:  762  ,seed:  5812
episode:  763  ,seed:  124
episode:  764  ,seed:  7781
episode:  765  ,seed:  5425
episode:  766  ,seed:  6880
episode:  767  ,seed:  9157
episode:  768  ,seed:  3180
episode:  769  ,seed:  682
episode:  770  ,seed:  8437
episode:  771  ,seed:  6474
episode:  772  ,seed:  9505
episode:  773  ,seed:  1017
episode:  774  ,seed:  5914
episode:  775  ,seed:  3870
episode:  776  ,seed:  1717
episode:  777  ,seed:  352
episode:  778  ,seed:  6747
episode:  779  ,seed:  8253
episode:  780  ,seed:  7347
episode:  781  ,seed:  4558
episode:  782  ,seed:  217
episode:  783  ,seed:  5806
episode:  784  ,seed:  8390
episode:  785  ,seed:  9154
episode:  786  ,seed:  5364
episode:  787  ,seed:  7548
episode:  788  ,seed:  9934
episode:  789  ,seed:  2378
episode:  790  ,seed:  9380
episode:  791  ,seed:  4480
episode:  792  ,seed:  9253
episode:  793  ,seed:  8141
episode:  794  ,seed:  542
episode:  795  ,seed:  9699
episode:  796  ,seed:  9770
episode:  797  ,seed:  6550
episode:  798  ,seed:  4048
episode:  799  ,seed:  584
episode:  800  ,seed:  9739
episode:  801  ,seed:  3773
episode:  802  ,seed:  2832
episode:  803  ,seed:  6511
episode:  804  ,seed:  3160
episode:  805  ,seed:  9457
episode:  806  ,seed:  4313
episode:  807  ,seed:  5177
episode:  808  ,seed:  9739
episode:  809  ,seed:  5053
episode:  810  ,seed:  3944
episode:  811  ,seed:  1161
episode:  812  ,seed:  8729
episode:  813  ,seed:  3861
episode:  814  ,seed:  1815
episode:  815  ,seed:  127
episode:  816  ,seed:  9457
episode:  817  ,seed:  584
episode:  818  ,seed:  3144
episode:  819  ,seed:  8025
episode:  820  ,seed:  8253
episode:  821  ,seed:  3962
episode:  822  ,seed:  275
episode:  823  ,seed:  9260
episode:  824  ,seed:  4650
episode:  825  ,seed:  2895
episode:  826  ,seed:  7197
episode:  827  ,seed:  682
episode:  828  ,seed:  5697
episode:  829  ,seed:  5204
episode:  830  ,seed:  797
episode:  831  ,seed:  2076
episode:  832  ,seed:  5105
episode:  833  ,seed:  7595
episode:  834  ,seed:  7528
episode:  835  ,seed:  4081
episode:  836  ,seed:  2030
episode:  837  ,seed:  6857
episode:  838  ,seed:  6968
episode:  839  ,seed:  2854
episode:  840  ,seed:  7860
episode:  841  ,seed:  3840
episode:  842  ,seed:  9450
episode:  843  ,seed:  7589
episode:  844  ,seed:  4650
episode:  845  ,seed:  4383
episode:  846  ,seed:  9927
episode:  847  ,seed:  4848
episode:  848  ,seed:  4271
episode:  849  ,seed:  2246
episode:  850  ,seed:  1507
episode:  851  ,seed:  304
episode:  852  ,seed:  141
episode:  853  ,seed:  2378
episode:  854  ,seed:  4390
episode:  855  ,seed:  1326
episode:  856  ,seed:  6032
episode:  857  ,seed:  8102
episode:  858  ,seed:  855
episode:  859  ,seed:  7727
episode:  860  ,seed:  419
episode:  861  ,seed:  9826
episode:  862  ,seed:  7531
episode:  863  ,seed:  295
episode:  864  ,seed:  8540
episode:  865  ,seed:  6355
episode:  866  ,seed:  364
episode:  867  ,seed:  518
episode:  868  ,seed:  4415
episode:  869  ,seed:  2898
episode:  870  ,seed:  9734
episode:  871  ,seed:  2240
episode:  872  ,seed:  4662
episode:  873  ,seed:  4701
episode:  874  ,seed:  7161
episode:  875  ,seed:  2145
episode:  876  ,seed:  141
episode:  877  ,seed:  6248
episode:  878  ,seed:  9450
episode:  879  ,seed:  8863
episode:  880  ,seed:  5954
episode:  881  ,seed:  3868
episode:  882  ,seed:  3180
episode:  883  ,seed:  3496
episode:  884  ,seed:  7961
episode:  885  ,seed:  3840
episode: 8392
episode:  592  ,seed:  6709
episode:  593  ,seed:  4635
episode:  594  ,seed:  849
episode:  595  ,seed:  584
episode:  596  ,seed:  6624
episode:  597  ,seed:  4132
episode:  598  ,seed:  1465
episode:  599  ,seed:  9639
episode:  600  ,seed:  5105
episode:  601  ,seed:  7517
episode:  602  ,seed:  5606
episode:  603  ,seed:  3259
episode:  604  ,seed:  4662
episode:  605  ,seed:  1803
episode:  606  ,seed:  4480
episode:  607  ,seed:  8928
episode:  608  ,seed:  6857
episode:  609  ,seed:  3817
episode:  610  ,seed:  4665
episode:  611  ,seed:  1531
episode:  612  ,seed:  1815
episode:  613  ,seed:  7414
episode:  614  ,seed:  7839
episode:  615  ,seed:  3773
episode:  616  ,seed:  7727
episode:  617  ,seed:  6769
episode:  618  ,seed:  5425
episode:  619  ,seed:  3541
episode:  620  ,seed:  9784
episode:  621  ,seed:  1103
episode:  622  ,seed:  5687
episode:  623  ,seed:  1743
episode:  624  ,seed:  305
episode:  625  ,seed:  5581
episode:  626  ,seed:  3184
episode:  627  ,seed:  7652
episode:  628  ,seed:  1378
episode:  629  ,seed:  4081
episode:  630  ,seed:  2010
episode:  631  ,seed:  4165
episode:  632  ,seed:  5001
episode:  633  ,seed:  5332
episode:  634  ,seed:  9215
episode:  635  ,seed:  8264
episode:  636  ,seed:  1378
episode:  637  ,seed:  97
episode:  638  ,seed:  4893
episode:  639  ,seed:  4905
episode:  640  ,seed:  1997
episode:  641  ,seed:  2732
episode:  642  ,seed:  705
episode:  643  ,seed:  9990
episode:  644  ,seed:  7581
episode:  645  ,seed:  5337
episode:  646  ,seed:  1079
episode:  647  ,seed:  1197
episode:  648  ,seed:  364
episode:  649  ,seed:  4560
episode:  650  ,seed:  7414
episode:  651  ,seed:  3840
episode:  652  ,seed:  5707
episode:  653  ,seed:  6624
episode:  654  ,seed:  5204
episode:  655  ,seed:  6689
episode:  656  ,seed:  2749
episode:  657  ,seed:  1717
episode:  658  ,seed:  6381
episode:  659  ,seed:  6711
episode:  660  ,seed:  1873
episode:  661  ,seed:  111
episode:  662  ,seed:  1227
episode:  663  ,seed:  4480
episode:  664  ,seed:  5034
episode:  665  ,seed:  6646
episode:  666  ,seed:  2325
episode:  667  ,seed:  3405
episode:  668  ,seed:  5364
episode:  669  ,seed:  6652
episode:  670  ,seed:  2276
episode:  671  ,seed:  5222
episode:  672  ,seed:  4409
episode:  673  ,seed:  8998
episode:  674  ,seed:  3102
episode:  675  ,seed:  3861
episode:  676  ,seed:  8330
episode:  677  ,seed:  5274
episode:  678  ,seed:  8490
episode:  679  ,seed:  1396
episode:  680  ,seed:  3817
episode:  681  ,seed:  9225
episode:  682  ,seed:  5034
episode:  683  ,seed:  849
episode:  684  ,seed:  9037
episode:  685  ,seed:  7391
episode:  686  ,seed:  8141
episode:  687  ,seed:  9238
episode:  688  ,seed:  400
episode:  689  ,seed:  8919
episode:  690  ,seed:  2998
episode:  691  ,seed:  8951
episode:  692  ,seed:  5208
episode:  693  ,seed:  8617
episode:  694  ,seed:  4296
episode:  695  ,seed:  4635
episode:  696  ,seed:  7489
episode:  697  ,seed:  8505
episode:  698  ,seed:  6382
episode:  699  ,seed:  7177
episode:  700  ,seed:  9898
episode:  701  ,seed:  1969
episode:  702  ,seed:  879
episode:  703  ,seed:  295
episode:  704  ,seed:  5172
episode:  705  ,seed:  938
episode:  706  ,seed:  3160
episode:  707  ,seed:  8377
episode:  708  ,seed:  4132
episode:  709  ,seed:  1815
episode:  710  ,seed:  9699
episode:  711  ,seed:  5332
episode:  712  ,seed:  4369
episode:  713  ,seed:  2643
episode:  714  ,seed:  4624
episode:  715  ,seed:  797
episode:  716  ,seed:  2537
episode:  717  ,seed:  2966
episode:  718  ,seed:  400
episode:  719  ,seed:  5440
episode:  720  ,seed:  4379
episode:  721  ,seed:  2161
episode:  722  ,seed:  5730
episode:  723  ,seed:  9154
episode:  724  ,seed:  5812
episode:  725  ,seed:  5701
episode:  726  ,seed:  7517
episode:  727  ,seed:  4277
episode:  728  ,seed:  4937
episode:  729  ,seed:  1717
episode:  730  ,seed:  2895
episode:  731  ,seed:  2590
episode:  732  ,seed:  5332
episode:  733  ,seed:  3840
episode:  734  ,seed:  7727
episode:  735  ,seed:  8392
episode:  736  ,seed:  6646
episode:  737  ,seed:  4425
episode:  738  ,seed:  5425
episode:  739  ,seed:  6857
episode:  740  ,seed:  5730
episode:  741  ,seed:  705
episode:  742  ,seed:  3855
episode:  743  ,seed:  8234
episode:  744  ,seed:  2246
episode:  745  ,seed:  6633
episode:  746  ,seed:  3259
episode:  747  ,seed:  6938
episode:  748  ,seed:  5812
episode:  749  ,seed:  6076
episode:  750  ,seed:  518
episode:  751  ,seed:  1997
episode:  752  ,seed:  7414
episode:  753  ,seed:  470
episode:  754  ,seed:  2537
episode:  755  ,seed:  1038
episode:  756  ,seed:  3868
episode:  757  ,seed:  9822
episode:  758  ,seed:  5364
episode:  759  ,seed:  1154
episode:  760  ,seed:  5520
episode:  761  ,seed:  5707
episode:  762  ,seed:  938
episode:  763  ,seed:  124
episode:  764  ,seed:  2898
episode:  765  ,seed:  5332
episode:  766  ,seed:  4048
episode:  767  ,seed:  2897
episode:  768  ,seed:  3241
episode:  769  ,seed:  400
episode:  770  ,seed:  8511
episode:  771  ,seed:  2903
episode:  772  ,seed:  8731
episode:  773  ,seed:  1227
episode:  774  ,seed:  5697
episode:  775  ,seed:  4271
episode:  776  ,seed:  43
episode:  777  ,seed:  86
episode:  778  ,seed:  6344
episode:  779  ,seed:  2686
episode:  780  ,seed:  5581
episode:  781  ,seed:  2010
episode:  782  ,seed:  9512
episode:  783  ,seed:  6381
episode:  784  ,seed:  8121
episode:  785  ,seed:  4483
episode:  786  ,seed:  7078
episode:  787  ,seed:  9612
episode:  788  ,seed:  7781
episode:  789  ,seed:  2590
episode:  790  ,seed:  8511
episode:  791  ,seed:  8000
episode:  792  ,seed:  9530
episode:  793  ,seed:  9225
episode:  794  ,seed:  8834
episode:  795  ,seed:  9906
episode:  796  ,seed:  2489
episode:  797  ,seed:  4665
episode:  798  ,seed:  5965
episode:  799  ,seed:  2133
episode:  800  ,seed:  4531
episode:  801  ,seed:  5965
episode:  802  ,seed:  3144
episode:  803  ,seed:  7347
episode:  804  ,seed:  1208
episode:  805  ,seed:  811
episode:  806  ,seed:  3184
episode:  807  ,seed:  6990
episode:  808  ,seed:  6906
episode:  809  ,seed:  6709
episode:  810  ,seed:  5633
episode:  811  ,seed:  2589
episode:  812  ,seed:  5703
episode:  813  ,seed:  5208
episode:  814  ,seed:  6032
episode:  815  ,seed:  8102
episode:  816  ,seed:  5307
episode:  817  ,seed:  6525
episode:  818  ,seed:  3621
episode:  819  ,seed:  9784
episode:  820  ,seed:  7087
episode:  821  ,seed:  111
episode:  822  ,seed:  2047
episode:  823  ,seed:  8731
episode:  824  ,seed:  1351
episode:  825  ,seed:  8102
episode:  826  ,seed:  217
episode:  827  ,seed:  1154
episode:  828  ,seed:  3076
episode:  829  ,seed:  7131
episode:  830  ,seed:  705
episode:  831  ,seed:  4665
episode:  832  ,seed:  5474
episode:  833  ,seed:  1997
episode:  834  ,seed:  9225
episode:  835  ,seed:  5938
episode:  836  ,seed:  8390
episode:  837  ,seed:  9639
episode:  838  ,seed:  5364
episode:  839  ,seed:  9050
episode:  840  ,seed:  937
episode:  841  ,seed:  7860
episode:  842  ,seed:  3015
episode:  843  ,seed:  828
episode:  844  ,seed:  2745
episode:  845  ,seed:  7078
episode:  846  ,seed:  305
episode:  847  ,seed:  9906
episode:  848  ,seed:  1357
episode:  849  ,seed:  1631
episode:  850  ,seed:  97
episode:  851  ,seed:  4081
episode:  852  ,seed:  2010
episode:  853  ,seed:  4732
episode:  854  ,seed:  7970
episode:  855  ,seed:  2133
episode:  856  ,seed:  3271
episode:  857  ,seed:  6039
episode:  858  ,seed:  5105
episode:  859  ,seed:  6990
episode:  860  ,seed:  5707
episode:  861  ,seed:  5288
episode:  862  ,seed:  6993
episode:  863  ,seed:  534
episode:  864  ,seed:  5288
episode:  865  ,seed:  1815
episode:  866  ,seed:  7051
episode:  867  ,seed:  9734
episode:  868  ,seed:  3929
episode:  869  ,seed:  6652
episode:  870  ,seed:  1937
episode:  871  ,seed:  6880
episode:  872  ,seed:  4732
episode:  873  ,seed:  3817
episode:  874  ,seed:  6709
episode:  875  ,seed:  2009
episode:  876  ,seed:  986
episode:  877  ,seed:  5965
episode:  878  ,seed:  4943
episode:  879  ,seed:  1774
episode:  880  ,seed:  598
episode:  881  ,seed:  8719
episode:  882  ,seed:  2489
episode:  883  ,seed:  2590
episode:  884  ,seed:  4608
episode:  885  ,seed: ----------------------------------------
| rollout/                |            |
|    ep_len_mean          | 299        |
|    ep_rew_mean          | -371       |
|    success_rate         | 0.02       |
| time/                   |            |
|    fps                  | 202        |
|    iterations           | 8          |
|    time_elapsed         | 791        |
|    total_timesteps      | 108520000  |
| train/                  |            |
|    approx_kl            | 0.01919405 |
|    clip_fraction        | 0.176      |
|    clip_range           | 0.2        |
|    entropy_loss         | 1.7        |
|    explained_variance   | 0.95       |
|    learning_rate        | 0.0003     |
|    loss                 | 0.566      |
|    n_updates            | 54250      |
|    policy_gradient_loss | 0.00465    |
|    std                  | 0.104      |
|    value_loss           | 4.54       |
----------------------------------------
-----------------------------------------
| rollout/                |             |
|    ep_len_mean          | 243         |
|    ep_rew_mean          | -306        |
|    success_rate         | 0           |
| time/                   |             |
|    fps                  | 197         |
|    iterations           | 9           |
|    time_elapsed         | 910         |
|    total_timesteps      | 108540000   |
| train/                  |             |
|    approx_kl            | 0.022287006 |
|    clip_fraction        | 0.203       |
|    clip_range           | 0.2         |
|    entropy_loss         | 1.7         |
|    explained_variance   | 0.958       |
|    learning_rate        | 0.0003      |
|    loss                 | 0.51        |
|    n_updates            | 54260       |
|    policy_gradient_loss | 0.00582     |
|    std                  | 0.103       |
|    value_loss           | 4.28        |
-----------------------------------------
iteration 603/1000: reward_loss=225.4072  background_success_rate=0.00  policy_steps_so_far=108540000
episode:  61  ,seed:  598
episode:  62  ,seed:  6642
episode:  63  ,seed:  9444
episode:  64  ,seed:  3180
episode:  65  ,seed:  6382
episode:  66  ,seed:  2643
episode:  67  ,seed:  4296
episode:  68  ,seed:  8951
episode:  69  ,seed:  3962
episode:  70  ,seed:  7155
episode:  71  ,seed:  8490
episode:  72  ,seed:  3402
episode:  73  ,seed:  5701
episode:  74  ,seed:  3082
episode:  75  ,seed:  6525
episode:  76  ,seed:  781
episode:  77  ,seed:  3680
episode:  78  ,seed:  9530
episode:  79  ,seed:  1210
episode:  80  ,seed:  7177
Logging to logs/tensorboard/phase0b_gcl/easy_easy_0
----------------------------------
| rollout/           |           |
|    ep_len_mean     | 278       |
|    ep_rew_mean     | -334      |
|    success_rate    | 0.03      |
| time/              |           |
|    fps             | 647       |
|    iterations      | 1         |
|    time_elapsed    | 30        |
|    total_timesteps | 108560000 |
----------------------------------
----------------------------------------
| rollout/                |            |
|    ep_len_mean          | 333        |
|    ep_rew_mean          | -407       |
|    success_rate         | 0.02       |
| time/                   |            |
|    fps                  | 344        |
|    iterations           | 2          |
|    time_elapsed         | 116        |
|    total_timesteps      | 108580000  |
| train/                  |            |
|    approx_kl            | 0.03112298 |
|    clip_fraction        | 0.224      |
|    clip_range           | 0.2        |
|    entropy_loss         | 1.7        |
|    explained_variance   | 0.973      |
|    learning_rate        | 0.0003     |
|    loss                 | 0.753      |
|    n_updates            | 54280      |
|    policy_gradient_loss | 0.00578    |
|    std                  | 0.104      |
|    value_loss           | 4.17       |
----------------------------------------
----------------------------------------
| rollout/                |            |
|    ep_len_mean          | 245        |
|    ep_rew_mean          | -299       |
|    success_rate         | 0.01       |
| time/                   |            |
|    fps                  | 252        |
|    iterations           | 3          |
|    time_elapsed         | 237        |
|    total_timesteps      | 108600000  |
| train/                  |            |
|    approx_kl            | 0.09764479 |
|    clip_fraction        | 0.202      |
|    clip_range           | 0.2        |
|    entropy_loss         | 1.71       |
|    explained_variance   | 0.953      |
|    learning_rate        | 0.0003     |
|    loss                 | 0.795      |
|    n_updates            | 54290      |
|    policy_gradient_loss | 0.00777    |
|    std                  | 0.103      |
|    value_loss           | 2.78       |
----------------------------------------
-----------------------------------------
| rollout/                |             |
|    ep_len_mean          | 282         |
|    ep_rew_mean          | -336        |
|    success_rate         | 0.02        |
| time/                   |             |
|    fps                  | 292         |
|    iterations           | 4           |
|    time_elapsed         | 273         |
|    total_timesteps      | 108620000   |
| train/                  |             |
|    approx_kl            | 0.021904333 |
|    clip_fraction        | 0.183       |
|    clip_range           | 0.2         |
|    entropy_loss         | 1.72        |
|    explained_variance   | 0.966       |
|    learning_rate        | 0.0003      |
|    loss                 | 0.509       |
|    n_updates            | 54300       |
|    policy_gradient_loss | 0.0027      |
|    std                  | 0.102       |
|    value_loss           | 6.18        |
-----------------------------------------
-----------------------------------------
| rollout/                |             |
|    ep_len_mean          | 355         |
|    ep_rew_mean          | -412        |
|    success_rate         | 0.01        |
| time/                   |             |
|    fps                  | 263         |
|    iterations           | 5           |
|    time_elapsed         | 379         |
|    total_timesteps      | 108640000   |
| train/                  |             |
|    approx_kl            | 0.025666011 |
|    clip_fraction        | 0.217       |
|    clip_range           | 0.2         |
|    entropy_loss         | 1.72        |
|    explained_variance   | 0.957       |
|    learning_rate        | 0.0003      |
|    loss                 | 0.33        |
|    n_updates            | 54310       |
|    policy_gradient_loss | 0.00722     |
|    std                  | 0.102       |
|    value_loss           | 4.81        |
-----------------------------------------
-----------------------------------------
| rollout/                |             |
|    ep_len_mean          | 258         |
|    ep_rew_mean          | -314        |
|    success_rate         | 0           |
| time/                   |             |
|    fps                  | 241         |
|    iterations           | 6           |
|    time_elapsed         | 495         |
|    total_timesteps      | 108660000   |
| train/                  |             |
|    approx_kl            | 0.022666128 |
|    clip_fraction        | 0.223       |
|    clip_range           | 0.2         |
|    entropy_loss         | 1.72        |
|    explained_variance   | 0.985       |
|    learning_rate        | 0.0003      |
|    loss                 | 0.205       |
|    n_updates            | 54320       |
|    policy_gradient_loss | 0.0046      |
|    std                  | 0.102       |
|    value_loss           | 2.08        |
-----------------------------------------
Process ForkServerProcess-2:
Process ForkServerProcess-1:
Traceback (most recent call last):
  File "/usr/lib/python3.12/multiprocessing/process.py", line 314, in _bootstrap
    self.run()
  File "/usr/lib/python3.12/multiprocessing/process.py", line 108, in run
    self._target(*self._args, **self._kwargs)
  File "/mnt/data/actions-runner-swimirl/_work/Swim-IRL/Swim-IRL/.venv/lib/python3.12/site-packages/stable_baselines3/common/vec_env/subproc_vec_env.py", line 33, in _worker
    cmd, data = remote.recv()
                ^^^^^^^^^^^^^
  File "/usr/lib/python3.12/multiprocessing/connection.py", line 250, in recv
    buf = self._recv_bytes()
          ^^^^^^^^^^^^^^^^^^
  File "/usr/lib/python3.12/multiprocessing/connection.py", line 430, in _recv_bytes
    buf = self._recv(4)
          ^^^^^^^^^^^^^
  File "/usr/lib/python3.12/multiprocessing/connection.py", line 395, in _recv
    chunk = read(handle, remaining)
            ^^^^^^^^^^^^^^^^^^^^^^^
ConnectionResetError: [Errno 104] Connection reset by peer
Traceback (most recent call last):
  File "/usr/lib/python3.12/multiprocessing/process.py", line 314, in _bootstrap
    self.run()
  File "/usr/lib/python3.12/multiprocessing/process.py", line 108, in run
    self._target(*self._args, **self._kwargs)
  File "/mnt/data/actions-runner-swimirl/_work/Swim-IRL/Swim-IRL/.venv/lib/python3.12/site-packages/stable_baselines3/common/vec_env/subproc_vec_env.py", line 33, in _worker
    cmd, data = remote.recv()
                ^^^^^^^^^^^^^
  File "/usr/lib/python3.12/multiprocessing/connection.py", line 250, in recv
    buf = self._recv_bytes()
          ^^^^^^^^^^^^^^^^^^
  File "/usr/lib/python3.12/multiprocessing/connection.py", line 430, in _recv_bytes
    buf = self._recv(4)
          ^^^^^^^^^^^^^
  File "/usr/lib/python3.12/multiprocessing/connection.py", line 395, in _recv
    chunk = read(handle, remaining)
            ^^^^^^^^^^^^^^^^^^^^^^^
ConnectionResetError: [Errno 104] Connection reset by peer
 886  ,seed:  2030
episode:  887  ,seed:  3262
episode:  888  ,seed:  3262
episode:  889  ,seed:  7528
episode:  890  ,seed:  9934
episode:  891  ,seed:  275
episode:  892  ,seed:  75
episode:  893  ,seed:  2643
episode:  894  ,seed:  6452
episode:  895  ,seed:  5332
episode:  896  ,seed:  4848
episode:  897  ,seed:  9737
episode:  898  ,seed:  705
episode:  899  ,seed:  4558
episode:  900  ,seed:  8141
episode:  901  ,seed:  9549
episode:  902  ,seed:  4734
episode:  903  ,seed:  6990
episode:  904  ,seed:  7961
episode:  905  ,seed:  2544
episode:  906  ,seed:  6150
episode:  907  ,seed:  9021
episode:  908  ,seed:  6938
episode:  909  ,seed:  2273
episode:  910  ,seed:  998
episode:  911  ,seed:  4132
episode:  912  ,seed:  217
episode:  913  ,seed:  1328
episode:  914  ,seed:  4560
episode:  915  ,seed:  6810
episode:  916  ,seed:  8102
episode:  917  ,seed:  2574
episode:  918  ,seed:  7839
episode:  919  ,seed:  8253
episode:  920  ,seed:  6685
episode:  921  ,seed:  8894
episode:  922  ,seed:  7489
episode:  923  ,seed:  1079
episode:  924  ,seed:  2145
episode:  925  ,seed:  7827
episode:  926  ,seed:  682
episode:  927  ,seed:  5687
episode:  928  ,seed:  6355
episode:  929  ,seed:  470
episode:  930  ,seed:  7548
episode:  931  ,seed:  4390
episode:  932  ,seed:  8945
episode:  933  ,seed:  5332
episode:  934  ,seed:  2779
episode:  935  ,seed:  217
episode:  936  ,seed:  9397
episode:  937  ,seed:  9380
episode:  938  ,seed:  1774
episode:  939  ,seed:  2537
episode:  940  ,seed:  3870
episode:  941  ,seed:  2010
episode:  942  ,seed:  7827
episode:  943  ,seed:  2161
episode:  944  ,seed:  5965
episode:  945  ,seed:  7781
episode:  946  ,seed:  8377
episode:  947  ,seed:  9238
episode:  948  ,seed:  9685
episode:  949  ,seed:  2407
episode:  950  ,seed:  5306
episode:  951  ,seed:  3840
episode:  952  ,seed:  3496
episode:  953  ,seed:  7289
episode:  954  ,seed:  3539
episode:  955  ,seed:  2686
episode:  956  ,seed:  8234
episode:  957  ,seed:  5690
episode:  958  ,seed:  1580
episode:  959  ,seed:  3496
episode:  960  ,seed:  7414
episode:  961  ,seed:  1197
episode:  962  ,seed:  5337
episode:  963  ,seed:  705
episode:  964  ,seed:  5520
episode:  965  ,seed:  1471
episode:  966  ,seed:  7018
episode:  967  ,seed:  5172
episode:  968  ,seed:  5703
episode:  969  ,seed:  4996
episode:  970  ,seed:  7489
episode:  971  ,seed:  2686
episode:  972  ,seed:  5606
episode:  973  ,seed:  4608
episode:  974  ,seed:  534
episode:  975  ,seed:  3689
episode:  976  ,seed:  8377
episode:  977  ,seed:  5606
episode:  978  ,seed:  4811
episode:  979  ,seed:  2589
episode:  980  ,seed:  4392
episode:  981  ,seed:  5136
episode:  982  ,seed:  4216
episode:  983  ,seed:  2659
episode:  984  ,seed:  4734
episode:  985  ,seed:  3689
episode:  986  ,seed:  1197
episode:  987  ,seed:  3067
episode:  988  ,seed:  2145
episode:  989  ,seed:  8945
episode:  990  ,seed:  9109
episode:  991  ,seed:  4953
episode:  992  ,seed:  5222
episode:  993  ,seed:  2010
episode:  994  ,seed:  3719
episode:  995  ,seed:  1024
episode:  996  ,seed:  8863
episode:  997  ,seed:  8229
episode:  998  ,seed:  3015
episode:  999  ,seed:  938
episode:  1000  ,seed:  7289
episode:  1001  ,seed:  9896
episode:  1002  ,seed:  2769
episode:  1003  ,seed:  6807
episode:  1004  ,seed:  8933
episode:  1005  ,seed:  2946
episode:  1006  ,seed:  5954
episode:  1007  ,seed:  9919
episode:  1008  ,seed:  4460
episode:  1009  ,seed:  2732
episode:  1010  ,seed:  4392
episode:  1011  ,seed:  9397
episode:  1012  ,seed:  5895
episode:  1013  ,seed:  242
episode:  1014  ,seed:  8540
episode:  1015  ,seed:  97
episode:  1016  ,seed:  6076
episode:  1017  ,seed:  7873
episode:  1018  ,seed:  1803
episode:  1019  ,seed:  303
episode:  1020  ,seed:  4701
episode:  1021  ,seed:  8729
episode:  1022  ,seed:  5025
episode:  1023  ,seed:  5307
episode:  1024  ,seed:  3180
episode:  1025  ,seed:  6990
episode:  1026  ,seed:  1017
episode:  1027  ,seed:  2276
episode:  1028  ,seed:  4701
episode:  1029  ,seed:  1465
episode:  1030  ,seed:  4870
episode:  1031  ,seed:  5307
episode:  1032  ,seed:  879
episode:  1033  ,seed:  2874
episode:  1034  ,seed:  5440
episode:  1035  ,seed:  1318
episode:  1036  ,seed:  2314
episode:  1037  ,seed:  6474
episode:  1038  ,seed:  4121
episode:  1039  ,seed:  5034
episode:  1040  ,seed:  141
episode:  1041  ,seed:  9739
episode:  1042  ,seed:  9109
episode:  1043  ,seed:  5306
episode:  1044  ,seed:  4369
episode:  1045  ,seed:  7827
episode:  1046  ,seed:  6810
episode:  1047  ,seed:  1761
episode:  1048  ,seed:  6711
episode:  1049  ,seed:  2125
episode:  1050  ,seed:  7562
episode:  1051  ,seed:  986
episode:  1052  ,seed:  5938
episode:  1053  ,seed:  4498
episode:  1054  ,seed:  49
episode:  1055  ,seed:  4905
episode:  1056  ,seed:  661
episode:  1057  ,seed:  3076
episode:  1058  ,seed:  9222
episode:  1059  ,seed:  5208
episode:  1060  ,seed:  1717
episode:  1061  ,seed:  2821
episode:  1062  ,seed:  2732
episode:  1063  ,seed:  8240
episode:  1064  ,seed:  581
episode:  1065  ,seed:  3817
episode:  1066  ,seed:  6172
episode:  1067  ,seed:  7589
episode:  1068  ,seed:  1318
episode:  1069  ,seed:  6938
episode:  1070  ,seed:  2589
episode:  1071  ,seed:  8025
episode:  1072  ,seed:  9505
episode:  1073  ,seed:  191
episode:  1074  ,seed:  9397
episode:  1075  ,seed:  4811
episode:  1076  ,seed:  855
episode:  1077  ,seed:  5697
episode:  1078  ,seed:  9990
episode:  1079  ,seed:  4333
episode:  1080  ,seed:  295
episode:  1081  ,seed:  4608
episode:  1082  ,seed:  218
episode:  1083  ,seed:  9549
episode:  1084  ,seed:  5136
episode:  1085  ,seed:  5687
episode:  1086  ,seed:  7078
episode:  1087  ,seed:  97
episode:  1088  ,seed:  5697
episode:  1089  ,seed:  1684
episode:  1090  ,seed:  1684
episode:  1091  ,seed:  8141
episode:  1092  ,seed:  1016
episode:  1093  ,seed:  8240
episode:  1094  ,seed:  2821
episode:  1095  ,seed:  7961
episode:  1096  ,seed:  8234
episode:  1097  ,seed:  2643
episode:  1098  ,seed:  4392
episode:  1099  ,seed:  4210
episode:  1100  ,seed:  2966
episode:  1101  ,seed:  598
episode:  1102  ,seed:  1471
episode:  1103  ,seed:  304
episode:  1104  ,seed:  6993
episode:  1105  ,seed:  6709
episode:  1106  ,seed:  9023
episode:  1107  ,seed:  6825
episode:  1108  ,seed:  5063
episode:  1109  ,seed:  8588
episode:  1110  ,seed:  124
episode:  1111  ,seed:  8330
episode:  1112  ,seed:  9512
episode:  1113  ,seed:  5520
episode:  1114  ,seed:  3541
episode:  1115  ,seed:  5208
episode:  1116  ,seed:  7092
episode:  1117  ,seed:  3047
episode:  1118  ,seed:  7974
episode:  1119  ,seed:  2246
episode:  1120  ,seed:  5687
episode:  1121  ,seed:  217
episode:  1122  ,seed:  9050
episode:  1123  ,seed:  5274
episode:  1124  ,seed:  7223
episode:  1125  ,seed:  5703
episode:  1126  ,seed:  9290
episode:  1127  ,seed:  4558
episode:  1128  ,seed:  855
episode:  1129  ,seed:  1517
episode:  1130  ,seed:  1873
episode:  1131  ,seed:  1891
episode:  1132  ,seed:  5812
episode:  1133  ,seed:  7414
episode:  1134  ,seed:  1227
episode:  1135  ,seed:  1608
episode:  1136  ,seed:  8945
episode:  1137  ,seed:  8121
episode:  1138  ,seed:  1580
episode:  1139  ,seed:  4379
episode:  1140  ,seed:  3680
episode:  1141  ,seed:  7956
episode:  1142  ,seed:  305
episode:  1143  ,seed:  8230
episode:  1144  ,seed:  5006
episode:  1145  ,seed:  3732
episode:  1146  ,seed:  1836
episode:  1147  ,seed:  4081
episode:  1148  ,seed:  1208
episode:  1149  ,seed:  2832
episode:  1150  ,seed:  3929
episode:  1151  ,seed:  5025
episode:  1152  ,seed:  9308
episode:  1153  ,seed:  581
episode:  1154  ,seed:  5342
 6511
episode:  886  ,seed:  3779
episode:  887  ,seed:  6747
episode:  888  ,seed:  2093
episode:  889  ,seed:  9737
episode:  890  ,seed:  5606
episode:  891  ,seed:  7489
episode:  892  ,seed:  682
episode:  893  ,seed:  4481
episode:  894  ,seed:  355
episode:  895  ,seed:  6381
episode:  896  ,seed:  8624
episode:  897  ,seed:  2965
episode:  898  ,seed:  6351
episode:  899  ,seed:  1997
episode:  900  ,seed:  7595
episode:  901  ,seed:  3689
episode:  902  ,seed:  6993
episode:  903  ,seed:  1684
episode:  904  ,seed:  2125
episode:  905  ,seed:  4390
episode:  906  ,seed:  7358
episode:  907  ,seed:  3840
episode:  908  ,seed:  879
episode:  909  ,seed:  9530
episode:  910  ,seed:  275
episode:  911  ,seed:  249
episode:  912  ,seed:  1328
episode:  913  ,seed:  2170
episode:  914  ,seed:  3405
episode:  915  ,seed:  3184
episode:  916  ,seed:  9253
episode:  917  ,seed:  4624
episode:  918  ,seed:  6511
episode:  919  ,seed:  6993
episode:  920  ,seed:  1318
episode:  921  ,seed:  4132
episode:  922  ,seed:  4531
episode:  923  ,seed:  4701
episode:  924  ,seed:  5452
episode:  925  ,seed:  5793
episode:  926  ,seed:  1580
episode:  927  ,seed:  235
episode:  928  ,seed:  7391
episode:  929  ,seed:  2643
episode:  930  ,seed:  8488
episode:  931  ,seed:  3608
episode:  932  ,seed:  8496
episode:  933  ,seed:  998
episode:  934  ,seed:  4313
episode:  935  ,seed:  5105
episode:  936  ,seed:  1580
episode:  937  ,seed:  9457
episode:  938  ,seed:  3907
episode:  939  ,seed:  9347
episode:  940  ,seed:  5730
episode:  941  ,seed:  9739
episode:  942  ,seed:  9260
episode:  943  ,seed:  7974
episode:  944  ,seed:  2759
episode:  945  ,seed:  9253
episode:  946  ,seed:  2076
episode:  947  ,seed:  4942
episode:  948  ,seed:  3773
episode:  949  ,seed:  7165
episode:  950  ,seed:  3608
episode:  951  ,seed:  49
episode:  952  ,seed:  581
episode:  953  ,seed:  1684
episode:  954  ,seed:  6652
episode:  955  ,seed:  419
episode:  956  ,seed:  6550
episode:  957  ,seed:  3861
episode:  958  ,seed:  305
episode:  959  ,seed:  5452
episode:  960  ,seed:  9347
episode:  961  ,seed:  9238
episode:  962  ,seed:  5364
episode:  963  ,seed:  849
episode:  964  ,seed:  7346
episode:  965  ,seed:  9109
episode:  966  ,seed:  2659
episode:  967  ,seed:  4703
episode:  968  ,seed:  1378
episode:  969  ,seed:  5288
episode:  970  ,seed:  8933
episode:  971  ,seed:  4369
episode:  972  ,seed:  357
episode:  973  ,seed:  3872
episode:  974  ,seed:  3861
episode:  975  ,seed:  7531
episode:  976  ,seed:  3868
episode:  977  ,seed:  1608
episode:  978  ,seed:  4369
episode:  979  ,seed:  2643
episode:  980  ,seed:  3872
episode:  981  ,seed:  4277
episode:  982  ,seed:  8121
episode:  983  ,seed:  2076
episode:  984  ,seed:  1210
episode:  985  ,seed:  7161
episode:  986  ,seed:  1717
episode:  987  ,seed:  8624
episode:  988  ,seed:  534
episode:  989  ,seed:  7652
episode:  990  ,seed:  1631
episode:  991  ,seed:  9278
episode:  992  ,seed:  1894
episode:  993  ,seed:  6709
episode:  994  ,seed:  4875
episode:  995  ,seed:  5364
episode:  996  ,seed:  2246
episode:  997  ,seed:  2946
episode:  998  ,seed:  8872
episode:  999  ,seed:  6248
episode:  1000  ,seed:  4662
episode:  1001  ,seed:  1761
episode:  1002  ,seed:  305
episode:  1003  ,seed:  9278
episode:  1004  ,seed:  7402
episode:  1005  ,seed:  6248
episode:  1006  ,seed:  2047
episode:  1007  ,seed:  97
episode:  1008  ,seed:  5136
episode:  1009  ,seed:  6968
episode:  1010  ,seed:  9612
episode:  1011  ,seed:  4409
episode:  1012  ,seed:  581
episode:  1013  ,seed:  1894
episode:  1014  ,seed:  4600
episode:  1015  ,seed:  6836
episode:  1016  ,seed:  8863
episode:  1017  ,seed:  1426
episode:  1018  ,seed:  1426
episode:  1019  ,seed:  4480
episode:  1020  ,seed:  357
episode:  1021  ,seed:  1531
episode:  1022  ,seed:  8253
episode:  1023  ,seed:  3689
episode:  1024  ,seed:  5965
episode:  1025  ,seed:  2574
episode:  1026  ,seed:  9290
episode:  1027  ,seed:  584
episode:  1028  ,seed:  7078
episode:  1029  ,seed:  6968
episode:  1030  ,seed:  8719
episode:  1031  ,seed:  797
episode:  1032  ,seed:  400
episode:  1033  ,seed:  4277
episode:  1034  ,seed:  2779
episode:  1035  ,seed:  7161
episode:  1036  ,seed:  4481
episode:  1037  ,seed:  7562
episode:  1038  ,seed:  828
episode:  1039  ,seed:  7177
episode:  1040  ,seed:  8951
episode:  1041  ,seed:  304
episode:  1042  ,seed:  5177
episode:  1043  ,seed:  6158
episode:  1044  ,seed:  5053
episode:  1045  ,seed:  6711
episode:  1046  ,seed:  2895
episode:  1047  ,seed:  3805
episode:  1048  ,seed:  9612
episode:  1049  ,seed:  4481
episode:  1050  ,seed:  7956
episode:  1051  ,seed:  828
episode:  1052  ,seed:  169
episode:  1053  ,seed:  4811
episode:  1054  ,seed:  711
episode:  1055  ,seed:  3067
episode:  1056  ,seed:  2339
episode:  1057  ,seed:  5204
episode:  1058  ,seed:  6968
episode:  1059  ,seed:  1038
episode:  1060  ,seed:  8020
episode:  1061  ,seed:  7961
episode:  1062  ,seed:  4662
episode:  1063  ,seed:  9021
episode:  1064  ,seed:  8229
episode:  1065  ,seed:  4012
episode:  1066  ,seed:  295
episode:  1067  ,seed:  1608
episode:  1068  ,seed:  1894
episode:  1069  ,seed:  1326
episode:  1070  ,seed:  141
episode:  1071  ,seed:  7614
episode:  1072  ,seed:  2821
episode:  1073  ,seed:  256
episode:  1074  ,seed:  1426
episode:  1075  ,seed:  3402
episode:  1076  ,seed:  1326
episode:  1077  ,seed:  127
episode:  1078  ,seed:  8141
episode:  1079  ,seed:  7223
episode:  1080  ,seed:  2903
episode:  1081  ,seed:  811
episode:  1082  ,seed:  9990
episode:  1083  ,seed:  1210
episode:  1084  ,seed:  5306
episode:  1085  ,seed:  419
episode:  1086  ,seed:  275
episode:  1087  ,seed:  4732
episode:  1088  ,seed:  705
episode:  1089  ,seed:  7581
episode:  1090  ,seed:  581
episode:  1091  ,seed:  938
episode:  1092  ,seed:  4480
episode:  1093  ,seed:  3144
episode:  1094  ,seed:  2161
episode:  1095  ,seed:  5189
episode:  1096  ,seed:  542
episode:  1097  ,seed:  6039
episode:  1098  ,seed:  2489
episode:  1099  ,seed:  2314
episode:  1100  ,seed:  6624
episode:  1101  ,seed:  4296
episode:  1102  ,seed:  6248
episode:  1103  ,seed:  6810
episode:  1104  ,seed:  2093
episode:  1105  ,seed:  6039
episode:  1106  ,seed:  8540
episode:  1107  ,seed:  5474
episode:  1108  ,seed:  303
episode:  1109  ,seed:  2841
episode:  1110  ,seed:  7528
episode:  1111  ,seed:  2325
episode:  1112  ,seed:  9934
episode:  1113  ,seed:  6938
episode:  1114  ,seed:  295
episode:  1115  ,seed:  5006
episode:  1116  ,seed:  2574
episode:  1117  ,seed:  8951
episode:  1118  ,seed:  7595
episode:  1119  ,seed:  3613
episode:  1120  ,seed:  828
episode:  1121  ,seed:  6874
episode:  1122  ,seed:  9278
episode:  1123  ,seed:  2965
episode:  1124  ,seed:  1751
episode:  1125  ,seed:  6769
episode:  1126  ,seed:  5633
episode:  1127  ,seed:  792
episode:  1128  ,seed:  9290
episode:  1129  ,seed:  1471
episode:  1130  ,seed:  937
episode:  1131  ,seed:  7131
episode:  1132  ,seed:  2895
episode:  1133  ,seed:  792
episode:  1134  ,seed:  2489
episode:  1135  ,seed:  9734
episode:  1136  ,seed:  598
episode:  1137  ,seed:  9685
episode:  1138  ,seed:  6150
episode:  1139  ,seed:  9919
episode:  1140  ,seed:  8998
episode:  1141  ,seed:  5701
episode:  1142  ,seed:  303
episode:  1143  ,seed:  2489
episode:  1144  ,seed:  1761
episode:  1145  ,seed:  1528
episode:  1146  ,seed:  275
episode:  1147  ,seed:  4483
episode:  1148  ,seed:  4121
episode:  1149  ,seed:  1197
episode:  1150  ,seed:  5701
